-- phpMyAdmin SQL Dump
-- version 4.9.5
-- https://www.phpmyadmin.net/
--
-- Host: localhost:3306
-- Waktu pembuatan: 28 Jun 2020 pada 13.59
-- Versi server: 10.2.32-MariaDB-cll-lve
-- Versi PHP: 7.3.6

SET SQL_MODE = "NO_AUTO_VALUE_ON_ZERO";
SET AUTOCOMMIT = 0;
START TRANSACTION;
SET time_zone = "+00:00";


/*!40101 SET @OLD_CHARACTER_SET_CLIENT=@@CHARACTER_SET_CLIENT */;
/*!40101 SET @OLD_CHARACTER_SET_RESULTS=@@CHARACTER_SET_RESULTS */;
/*!40101 SET @OLD_COLLATION_CONNECTION=@@COLLATION_CONNECTION */;
/*!40101 SET NAMES utf8mb4 */;

--
-- Database: `abiamaru_almuin_appsa`
--

-- --------------------------------------------------------

--
-- Struktur dari tabel `about`
--

CREATE TABLE `about` (
  `id` int(11) NOT NULL,
  `name_app` varchar(250) NOT NULL,
  `author` varchar(250) NOT NULL,
  `image` varchar(250) DEFAULT NULL,
  `name_school` varchar(250) DEFAULT NULL,
  `address_school` varchar(250) DEFAULT NULL,
  `date` int(11) NOT NULL
) ENGINE=InnoDB DEFAULT CHARSET=latin1;

--
-- Dumping data untuk tabel `about`
--

INSERT INTO `about` (`id`, `name_app`, `author`, `image`, `name_school`, `address_school`, `date`) VALUES
(1, 'APPSA', 'Abi Amarulloh', 'smk.jpg', 'SMK AL-MU\'IN', 'Jl. Maulana Hasanudin No.94, RT.003/RW.003, Poris Jaya, Kec. Batuceper, Kota Tangerang, Banten 15122', 1586877606);

-- --------------------------------------------------------

--
-- Struktur dari tabel `date_graduation`
--

CREATE TABLE `date_graduation` (
  `id` int(11) NOT NULL,
  `name_graduation` varchar(200) NOT NULL,
  `date_graduation` int(11) NOT NULL,
  `date_created` int(11) NOT NULL
) ENGINE=InnoDB DEFAULT CHARSET=utf8mb4;

-- --------------------------------------------------------

--
-- Struktur dari tabel `haid`
--

CREATE TABLE `haid` (
  `id` int(11) NOT NULL,
  `nisn_tbl_murid` varchar(250) NOT NULL,
  `tanggal` date NOT NULL,
  `harike` varchar(250) NOT NULL,
  `waktu` varchar(11) NOT NULL,
  `date` int(11) NOT NULL,
  `kelas` int(11) NOT NULL
) ENGINE=InnoDB DEFAULT CHARSET=latin1;

--
-- Dumping data untuk tabel `haid`
--

INSERT INTO `haid` (`id`, `nisn_tbl_murid`, `tanggal`, `harike`, `waktu`, `date`, `kelas`) VALUES
(74, '171810064', '2019-11-25', '2', '0', 1574658245, 3),
(75, '171810060', '2019-11-25', '5', '0', 1574658270, 3),
(76, '181910038', '2019-11-25', '1', '0', 1574658419, 2),
(77, '181910046', '2019-11-25', '7', '0', 1574658439, 2),
(78, '181910044', '2019-11-25', '7', '0', 1574658513, 2),
(79, '181910058', '2019-11-25', '6', '0', 1574658545, 2),
(80, '181910082', '2019-11-25', '4', '0', 1574658570, 2),
(81, '181910062', '2019-11-25', '4', '0', 1574658596, 2),
(82, '181910066', '2019-11-25', '1', '0', 1574658620, 2),
(83, '192010044', '2019-11-25', '1', '0', 1574658653, 1),
(84, '192010050', '2019-11-25', '5', '0', 1574658677, 1),
(85, '192010045', '2019-11-25', '1', '0', 1574658698, 1),
(86, '171810099', '2019-11-25', '6', '0', 1574658953, 3),
(87, '171810104', '2019-11-25', '6', '0', 1574658971, 3),
(88, '171810096', '2019-11-25', '4', '0', 1574658992, 3),
(89, '171810077', '2019-11-25', '6', '0', 1574659015, 3),
(90, '171810103', '2019-11-25', '4', '0', 1574659033, 3),
(91, '171810074', '2019-11-25', '2', '0', 1574659057, 3),
(92, '171810090', '2019-11-25', '1', '0', 1574659077, 3),
(93, '171810097', '2019-11-25', '1', '0', 1574659095, 3),
(96, '171810074', '2019-11-26', '3', '0', 1574744917, 3),
(97, '171810096', '2019-11-26', '5', '0', 1574744939, 3),
(98, '171810090', '2019-11-26', '2', '0', 1574744961, 3),
(99, '171810097', '2019-11-26', '2', '0', 1574744981, 3),
(100, '171810104', '2019-11-26', '7', '0', 1574745002, 3),
(101, '171810099', '2019-11-26', '7', '0', 1574745021, 3),
(102, '171810103', '2019-11-26', '4', '0', 1574745037, 3),
(103, '181910038', '2019-11-26', '2', '0', 1574745071, 2),
(104, '181910042', '2019-11-26', '1', '0', 1574745088, 2),
(105, '192010032', '2019-11-26', '5', '0', 1574745153, 1),
(106, '192010032', '2019-11-25', '4', '0', 1574745167, 1),
(107, '192010050', '2019-11-26', '6', '0', 1574745196, 1),
(108, '192010044', '2019-11-26', '2', '0', 1574745215, 1),
(109, '192010047', '2019-11-26', '1', '0', 1574745245, 1),
(110, '192010045', '2019-11-26', '2', '0', 1574745270, 1),
(112, '171810064', '2019-11-26', '3', '0', 1574745393, 3),
(113, '171810050', '2019-11-26', '6', '0', 1574745408, 3),
(114, '171810050', '2019-11-25', '5', '0', 1574745420, 3),
(115, '171810060', '2019-11-26', '6', '0', 1574745436, 3),
(116, '171810063', '2019-11-26', '1', '0', 1574745452, 3),
(117, '171810073', '2019-11-26', '1', '0', 1574745544, 3),
(118, '171810064', '2019-11-27', '4', '0', 1574831079, 3),
(119, '171810060', '2019-11-27', '7', '0', 1574831094, 3),
(120, '171810063', '2019-11-27', '2', '0', 1574831116, 3),
(121, '171810073', '2019-11-27', '2', '0', 1574831132, 3),
(122, '171810050', '2019-11-27', '7', '0', 1574831151, 3),
(123, '171810074', '2019-11-27', '4', '0', 1574831198, 3),
(124, '171810090', '2019-11-27', '4', '0', 1574831216, 3),
(125, '171810081', '2019-11-27', '2', '0', 1574831239, 3),
(126, '171810096', '2019-11-27', '6', '0', 1574831254, 3),
(127, '171810097', '2019-11-27', '3', '0', 1574831292, 3),
(128, '171810091', '2019-11-27', '2', '0', 1574831316, 3),
(129, '181910038', '2019-11-27', '3', '0', 1574831338, 2),
(130, '181910042', '2019-11-27', '2', '0', 1574831352, 2),
(131, '181910082', '2019-11-27', '6', '0', 1574831370, 2),
(132, '181910058', '2019-11-27', '7', '0', 1574831391, 2),
(133, '181910066', '2019-11-27', '3', '0', 1574831422, 2),
(134, '181910066', '2019-11-26', '2', '0', 1574831434, 2),
(135, '181910081', '2019-11-27', '5', '0', 1574831458, 2),
(136, '181910081', '2019-11-26', '4', '0', 1574831480, 2),
(137, '181910081', '2019-11-25', '3', '0', 1574831492, 2),
(138, '192010032', '2019-11-27', '6', '0', 1574831521, 1),
(139, '192010050', '2019-11-27', '7', '0', 1574831540, 1),
(140, '192010044', '2019-11-27', '3', '0', 1574831561, 1),
(141, '192010047', '2019-11-27', '2', '0', 1574831578, 1),
(142, '192010042', '2019-11-27', '1', '0', 1574831599, 1),
(143, '192010045', '2019-11-27', '3', '0', 1574831619, 1),
(144, '192010053', '2019-11-27', '1', '0', 1574831634, 1),
(146, '181910042', '2019-11-28', '3', '0', 1574917003, 2),
(148, '181910038', '2019-11-28', '4', '0', 1574917088, 2),
(149, '181910066', '2019-11-28', '4', '0', 1574917152, 2),
(150, '181910076', '2019-11-28', '1', '0', 1574917204, 2),
(151, '181910077', '2019-11-28', '5', '0', 1574917240, 2),
(152, '171810073', '2019-11-28', '3', '0', 1574917281, 3),
(153, '171810064', '2019-11-28', '5', '0', 1574917316, 3),
(154, '171810063', '2019-11-28', '3', '0', 1574917360, 3),
(155, '171810043', '2019-11-28', '1', '0', 1574917408, 3),
(156, '171810091', '2019-11-28', '3', '0', 1574917645, 3),
(157, '171810097', '2019-11-28', '4', '0', 1574917687, 3),
(158, '171810081', '2019-11-28', '3', '0', 1574917733, 3),
(159, '171810074', '2019-11-28', '5', '0', 1574917779, 3),
(160, '171810096', '2019-11-28', '7', '0', 1574917811, 3),
(161, '171810090', '2019-11-28', '4', '0', 1574917844, 3),
(162, '192010048', '2019-11-28', '1', '0', 1574917875, 1),
(163, '192010045', '2019-11-28', '4', '0', 1574917934, 1),
(164, '192010044', '2019-11-28', '4', '0', 1574917970, 1),
(165, '192010042', '2019-11-28', '2', '0', 1574918023, 1),
(166, '192010047', '2019-11-28', '3', '0', 1574918056, 1),
(167, '192010053', '2019-11-28', '2', '0', 1574918097, 1),
(168, '192010025', '2019-11-28', '1', '0', 1574918138, 1),
(169, '192010028', '2019-11-28', '1', '0', 1574918177, 1),
(173, '171810038', '2019-12-09', '8', '0', 1575867837, 3),
(174, '171810047', '2019-12-09', '5', '0', 1575867854, 3),
(175, '171810051', '2019-12-09', '4', '0', 1575867867, 3),
(176, '171810052', '2019-12-09', '4', '0', 1575867879, 3),
(177, '171810059', '2019-12-09', '9', '0', 1575867899, 3),
(178, '171810067', '2019-12-09', '5', '0', 1575867924, 3),
(179, '1718100', '2019-12-09', '1', '0', 1575867974, 3),
(180, '171810078', '2019-12-09', '3', '0', 1575867995, 3),
(181, '171810076', '2019-12-09', '4', '0', 1575868009, 3),
(182, '171810089', '2019-12-09', '4', '0', 1575868022, 3),
(183, '171810094', '2019-12-09', '1', '0', 1575868035, 3),
(184, '192010056', '2019-12-09', '6', '0', 1575868099, 1),
(185, '192010049', '2019-12-09', '4', '0', 1575868110, 1),
(186, '192010061', '2019-12-09', '1', '0', 1575868123, 1),
(187, '192010058', '2019-12-09', '4', '0', 1575868138, 1),
(188, '181910039', '2019-12-09', '5', '0', 1575868314, 2),
(189, '181910040', '2019-12-09', '5', '0', 1575868329, 2),
(190, '181910048', '2019-12-09', '6', '0', 1575868345, 2),
(191, '192010029', '2019-12-09', '3', '0', 1575868364, 1),
(192, '192010023', '2019-12-09', '5', '0', 1575868378, 1),
(193, '192010034', '2019-12-09', '5', '0', 1575868393, 1),
(194, '192010024', '2019-12-09', '1', '0', 1575868406, 1),
(195, '192010026', '2019-12-09', '7', '0', 1575868420, 1),
(196, '19201000', '2019-12-09', '4', '0', 1575868462, 1),
(197, '192010000', '2019-12-09', '3', '0', 1575868513, 1),
(198, '192010062', '2019-12-09', '3', '0', 1575868529, 1),
(199, '192010064', '2019-12-09', '1', '0', 1575868545, 1),
(200, '171810038', '2019-12-10', '9', '0', 1575953972, 3),
(201, '171810078', '2019-12-10', '4', '0', 1575954019, 3),
(202, '171810076', '2019-12-10', '5', '0', 1575954069, 3),
(203, '171810089', '2019-12-10', '5', '0', 1575954090, 3),
(204, '171810094', '2019-12-10', '2', '0', 1575954112, 3),
(205, '1718100', '2019-12-10', '2', '0', 1575954133, 3),
(206, '171810067', '2019-12-10', '6', '0', 1575954156, 3),
(207, '171810047', '2019-12-10', '6', '0', 1575954175, 3),
(208, '181910039', '2019-12-10', '6', '0', 1575954218, 2),
(209, '181910040', '2019-12-10', '6', '0', 1575954241, 2),
(210, '181910048', '2019-12-10', '7', '0', 1575954262, 2),
(211, '192010024', '2019-12-10', '2', '0', 1575954299, 1),
(212, '192010023', '2019-12-10', '6', '0', 1575954320, 1),
(213, '192010034', '2019-12-10', '6', '0', 1575954339, 1),
(214, '19201000', '2019-12-10', '5', '0', 1575954360, 1),
(215, '192010057', '2019-12-10', '3', '0', 1575954395, 1),
(216, '192010058', '2019-12-10', '5', '0', 1575954412, 1),
(217, '192010056', '2019-12-10', '7', '0', 1575954436, 1),
(218, '192010061', '2019-12-10', '2', '0', 1575954457, 1),
(219, '192010049', '2019-12-10', '5', '0', 1575954475, 1),
(220, '192010055', '2019-12-10', '2', '0', 1575954496, 1),
(221, '192010000', '2019-12-10', '4', '0', 1575954518, 1),
(222, '192010062', '2019-12-10', '4', '0', 1575954535, 1),
(223, '192010064', '2019-12-10', '2', '0', 1575954554, 1),
(224, '171810051', '2019-12-11', '6', '0', 1576041134, 3),
(225, '171810052', '2019-12-11', '6', '0', 1576041155, 3),
(226, '171810047', '2019-12-11', '7', '0', 1576041213, 3),
(227, '171810078', '2019-12-11', '5', '0', 1576041233, 3),
(228, '171810076', '2019-12-11', '5', '0', 1576041255, 3),
(229, '171810094', '2019-12-11', '5', '0', 1576041273, 3),
(230, '171810089', '2019-12-11', '6', '0', 1576041293, 3),
(231, '192010062', '2019-12-11', '5', '0', 1576041321, 1),
(232, '192010064', '2019-12-11', '3', '0', 1576041342, 1),
(233, '192010000', '2019-12-11', '5', '0', 1576041364, 1),
(234, '192010055', '2019-12-11', '3', '0', 1576041382, 1),
(235, '192010057', '2019-12-11', '4', '0', 1576041402, 1),
(236, '192010061', '2019-12-11', '3', '0', 1576041421, 1),
(237, '171810052', '2019-12-12', '7', '0', 1576127564, 3),
(238, '171810041', '2019-12-12', '1', '0', 1576127584, 3),
(239, '171810037', '2019-12-12', '1', '0', 1576127604, 3),
(240, '171810058', '2019-12-12', '1', '0', 1576127619, 3),
(241, '171810066', '2019-12-12', '3', '0', 1576127635, 3),
(242, '1718100', '2019-12-12', '4', '0', 1576127653, 3),
(243, '171810078', '2019-12-12', '6', '0', 1576127675, 3),
(244, '171810094', '2019-12-12', '4', '0', 1576127691, 3),
(245, '171810076', '2019-12-12', '7', '0', 1576127719, 3),
(246, '171810089', '2019-12-12', '7', '0', 1576127741, 3),
(247, '192010024', '2019-12-12', '4', '0', 1576127771, 1),
(248, '192010029', '2019-12-12', '6', '0', 1576127803, 1),
(249, '19201000', '2019-12-12', '7', '0', 1576127830, 1),
(250, '192010061', '2019-12-12', '4', '0', 1576127845, 1),
(251, '192010000', '2019-12-12', '6', '0', 1576127866, 1),
(252, '192010055', '2019-12-12', '4', '0', 1576127886, 1),
(253, '192010064', '2019-12-12', '4', '0', 1576127934, 1),
(254, '171810066', '2019-12-16', '7', '0', 1576472546, 3),
(255, '171810041', '2019-12-16', '5', '0', 1576472571, 3),
(256, '171810037', '2019-12-16', '5', '0', 1576472588, 3),
(257, '171810042', '2019-12-16', '4', '0', 1576472623, 3),
(258, '171810044', '2019-12-16', '6', '0', 1576472634, 3),
(259, '171810080', '2019-12-16', '2', '0', 1576472671, 3),
(260, '192010046', '2019-12-16', '4', '0', 1576472685, 1),
(261, '181910088', '2019-12-16', '4', '0', 1576473088, 2),
(262, '181910049', '2019-12-16', '5', '0', 1576473121, 2),
(263, '181910080', '2019-12-16', '4', '0', 1576473164, 2),
(264, '181910052', '2019-12-16', '5', '0', 1576473202, 2),
(265, '171810037', '2019-12-17', '6', '0', 1576559306, 3),
(266, '171810041', '2019-12-17', '6', '0', 1576559323, 3),
(267, '171810042', '2019-12-17', '5', '0', 1576559334, 3),
(268, '171810044', '2019-12-17', '7', '0', 1576559352, 3),
(269, '171810065', '2019-12-17', '4', '0', 1576559370, 3),
(270, '171810080', '2019-12-17', '3', '0', 1576559386, 3),
(271, '181910049', '2019-12-17', '6', '0', 1576559439, 2),
(272, '181910088', '2019-12-17', '5', '0', 1576559452, 2),
(273, '181910009', '2019-12-17', '2', '0', 1576559477, 2),
(274, '181910044', '2019-12-17', '2', '0', 1576559724, 2),
(275, '181910077', '2019-12-17', '1', '0', 1576559782, 2),
(276, '171810058', '2020-01-06', '3', '0', 1578287305, 3),
(277, '171810073', '2020-01-06', '2', '0', 1578287329, 3),
(278, '1718100', '2020-01-06', '2', '0', 1578287360, 3),
(279, '171810064', '2020-01-06', '1', '0', 1578287385, 3),
(280, '171810052', '2020-01-06', '5', '0', 1578287405, 3),
(281, '171810112', '2020-01-06', '4', '0', 1578287434, 3),
(282, '171810057', '2020-01-06', '2', '0', 1578287479, 3),
(283, '171810067', '2020-01-06', '3', '0', 1578287493, 3),
(284, '171810032', '2020-01-06', '6', '0', 1578287549, 3),
(285, '181910042', '2020-01-06', '4', '0', 1578287566, 2),
(286, '181910041', '2020-01-06', '5', '0', 1578287579, 2),
(287, '181910088', '2020-01-06', '1', '0', 1578287594, 2),
(288, '192010038', '2020-01-06', '6', '0', 1578287651, 1),
(289, '192010023', '2020-01-06', '6', '0', 1578287696, 1),
(290, '192010032', '2020-01-06', '6', '0', 1578287720, 1),
(291, '192010046', '2020-01-06', '4', '0', 1578287751, 1),
(292, '192010061', '2020-01-06', '3', '0', 1578287763, 1),
(293, '192010058', '2020-01-06', '2', '0', 1578287780, 1),
(294, '192010056', '2020-01-06', '3', '0', 1578287807, 1),
(295, '192010063', '2020-01-06', '1', '0', 1578287830, 1),
(296, '171810058', '2020-01-07', '4', '0', 1578373580, 3),
(297, '171810052', '2020-01-07', '6', '0', 1578373621, 3),
(298, '171810066', '2020-01-07', '1', '0', 1578373643, 3),
(299, '171810057', '2020-01-07', '3', '0', 1578373664, 3),
(300, '171810112', '2020-01-07', '5', '0', 1578373692, 3),
(301, '1718100', '2020-01-07', '3', '0', 1578373709, 3),
(302, '171810067', '2020-01-07', '4', '0', 1578373726, 3),
(303, '171810073', '2020-01-07', '3', '0', 1578373744, 3),
(304, '171810064', '2020-01-07', '2', '0', 1578373765, 3),
(305, '181910049', '2020-01-07', '1', '0', 1578373793, 2),
(306, '181910088', '2020-01-07', '2', '0', 1578373818, 2),
(307, '181910042', '2020-01-07', '5', '0', 1578373836, 2),
(308, '171810020', '2020-01-07', '2', '0', 1578373870, 3),
(309, '171810032', '2020-01-07', '7', '0', 1578373891, 3),
(310, '181910080', '2020-01-07', '1', '0', 1578373915, 2),
(311, '181910079', '2020-01-07', '1', '0', 1578373952, 2),
(312, '181910005', '2020-01-07', '1', '0', 1578374003, 2),
(313, '192010063', '2020-01-07', '2', '0', 1578374035, 1),
(314, '192010046', '2020-01-07', '5', '0', 1578374052, 1),
(315, '192010058', '2020-01-07', '3', '0', 1578374072, 1),
(316, '192010056', '2020-01-07', '4', '0', 1578374100, 1),
(318, '192010023', '2020-01-07', '7', '0', 1578374149, 1),
(319, '192010064', '2020-01-07', '1', '0', 1578374169, 1),
(320, '192010032', '2020-01-07', '7', '0', 1578374197, 1),
(321, '192010058', '2020-01-08', '4', '0', 1578460068, 1),
(322, '171810037', '2020-01-13', '6', '0', 1578892125, 3),
(323, '171810041', '2020-01-13', '6', '0', 1578892152, 3),
(324, '171810044', '2020-01-13', '3', '0', 1578892168, 3),
(325, '171810065', '2020-01-13', '3', '0', 1578892181, 3),
(326, '171810080', '2020-01-13', '4', '0', 1578892199, 3),
(327, '171810107', '2020-01-13', '2', '0', 1578892218, 3),
(328, '171810006', '2020-01-13', '3', '0', 1578892231, 3),
(329, '181910039', '2020-01-13', '6', '0', 1578892250, 2),
(330, '181910044', '2020-01-13', '4', '0', 1578892279, 2),
(331, '181910046', '2020-01-13', '3', '0', 1578892293, 2),
(332, '181910058', '2020-01-13', '3', '0', 1578892311, 2),
(333, '192010024', '2020-01-13', '6', '0', 1578892343, 1),
(334, '192010029', '2020-01-13', '1', '0', 1578892356, 1),
(335, '192010044', '2020-01-13', '3', '0', 1578892374, 1),
(336, '192010060', '2020-01-13', '6', '0', 1578892387, 1),
(337, '171810091', '2020-01-13', '6', '0', 1578892454, 3),
(338, '192010007', '2020-01-13', '4', '0', 1578892472, 1),
(339, '171810041', '2020-01-14', '7', '1', 1578958616, 3),
(340, '171810044', '2020-01-14', '4', '1', 1578958634, 3),
(341, '171810065', '2020-01-14', '4', '1', 1578958650, 3),
(342, '171810107', '2020-01-14', '3', '1', 1578958670, 3),
(343, '171810080', '2020-01-14', '5', '1', 1578958694, 3),
(344, '171810006', '2020-01-14', '4', '1', 1578958711, 3),
(345, '181910044', '2020-01-14', '5', '1', 1578958786, 2),
(346, '181910046', '2020-01-14', '4', '1', 1578958802, 2),
(347, '192010024', '2020-01-14', '7', '1', 1578958842, 1),
(348, '171810033', '2020-01-14', '1', '1', 1578958874, 3),
(349, '192010029', '2020-01-14', '2', '1', 1578958900, 1),
(350, '181910052', '2020-01-14', '3', '1', 1578958948, 2),
(351, '181910058', '2020-01-14', '4', '1', 1578958968, 2),
(352, '192010044', '2020-01-14', '4', '1', 1578959038, 1),
(353, '192010007', '2020-01-14', '5', '1', 1578959049, 1),
(354, '171810041', '2020-01-14', '7', '0', 1578978562, 3),
(355, '171810044', '2020-01-14', '4', '0', 1578978578, 3),
(356, '171810065', '2020-01-14', '4', '0', 1578978590, 3),
(357, '171810086', '2020-01-14', '1', '0', 1578978641, 3),
(358, '171810085', '2020-01-14', '1', '0', 1578978659, 3),
(359, '171810107', '2020-01-14', '3', '0', 1578978673, 3),
(360, '171810080', '2020-01-14', '5', '0', 1578978687, 3),
(361, '171810006', '2020-01-14', '4', '0', 1578978704, 3),
(362, '171810033', '2020-01-14', '1', '0', 1578978721, 3),
(363, '181910046', '2020-01-14', '4', '0', 1578978740, 2),
(364, '181910044', '2020-01-14', '5', '0', 1578978754, 2),
(365, '181910058', '2020-01-14', '4', '0', 1578978771, 2),
(366, '181910052', '2020-01-14', '3', '0', 1578978784, 2),
(367, '192010024', '2020-01-14', '7', '0', 1578978804, 1),
(368, '192010029', '2020-01-14', '2', '0', 1578978819, 1),
(369, '192010044', '2020-01-14', '4', '0', 1578978838, 1),
(370, '192010051', '2020-01-14', '1', '0', 1578978851, 1),
(371, '192010007', '2020-01-14', '5', '0', 1578978863, 1),
(372, '192010029', '2020-01-15', '3', '1', 1579045302, 1),
(373, '192010028', '2020-01-15', '1', '1', 1579045326, 1),
(374, '192010044', '2020-01-15', '5', '1', 1579045348, 1),
(375, '192010051', '2020-01-15', '2', '1', 1579045373, 1),
(376, '19201000', '2020-01-15', '1', '1', 1579045401, 1),
(377, '181910046', '2020-01-15', '5', '1', 1579045422, 2),
(378, '181910044', '2020-01-15', '6', '1', 1579045449, 2),
(379, '171810086', '2020-01-15', '2', '1', 1579045480, 3),
(380, '171810085', '2020-01-15', '2', '1', 1579045505, 3),
(381, '171810094', '2020-01-15', '1', '1', 1579045536, 3),
(382, '171810044', '2020-01-15', '5', '0', 1579064999, 3),
(383, '171810044', '2020-01-15', '5', '1', 1579065069, 3),
(384, '171810065', '2020-01-15', '5', '0', 1579065090, 3),
(385, '171810065', '2020-01-15', '5', '1', 1579065098, 3),
(386, '171810107', '2020-01-15', '4', '0', 1579065115, 3),
(387, '171810107', '2020-01-15', '4', '1', 1579065122, 3),
(388, '171810086', '2020-01-15', '2', '0', 1579065134, 3),
(389, '171810085', '2020-01-15', '2', '0', 1579065157, 3),
(390, '171810080', '2020-01-15', '6', '0', 1579065171, 3),
(391, '171810080', '2020-01-15', '6', '1', 1579065193, 3),
(393, '171810094', '2020-01-15', '1', '0', 1579065222, 3),
(394, '171810006', '2020-01-15', '5', '1', 1579065237, 3),
(395, '171810006', '2020-01-15', '5', '0', 1579065250, 3),
(396, '171810033', '2020-01-15', '2', '1', 1579065264, 3),
(397, '171810033', '2020-01-15', '2', '0', 1579065271, 3),
(398, '181910046', '2020-01-15', '5', '0', 1579065287, 2),
(399, '181910044', '2020-01-15', '6', '0', 1579065298, 2),
(400, '181910052', '2020-01-15', '4', '0', 1579065314, 2),
(401, '181910052', '2020-01-15', '4', '1', 1579065325, 2),
(402, '192010029', '2020-01-15', '3', '0', 1579065345, 1),
(403, '192010033', '2020-01-15', '1', '0', 1579065361, 1),
(404, '19201000', '2020-01-15', '1', '0', 1579065377, 1),
(405, '192010028', '2020-01-15', '1', '0', 1579065395, 1),
(406, '192010044', '2020-01-15', '5', '0', 1579065411, 1),
(407, '192010007', '2020-01-15', '6', '0', 1579065429, 1),
(408, '192010007', '2020-01-15', '6', '1', 1579065439, 1),
(409, '192010051', '2020-01-15', '2', '0', 1579065485, 1),
(410, '171810038', '2020-01-17', '2', '1', 1579217755, 3),
(411, '171810044', '2020-01-17', '6', '1', 1579217767, 3),
(412, '171810065', '2020-01-17', '6', '1', 1579217799, 3),
(413, '171810085', '2020-01-17', '4', '1', 1579217837, 3),
(414, '171810107', '2020-01-17', '6', '1', 1579217851, 3),
(415, '171810104', '2020-01-17', '2', '1', 1579217863, 3),
(416, '171810086', '2020-01-17', '4', '1', 1579217875, 3),
(417, '171810006', '2020-01-17', '7', '1', 1579217889, 3),
(418, '171810033', '2020-01-17', '4', '1', 1579217928, 3),
(419, '181910052', '2020-01-17', '6', '1', 1579217977, 2),
(420, '181910058', '2020-01-17', '6', '1', 1579217988, 2),
(421, '192010033', '2020-01-17', '3', '1', 1579218019, 1),
(422, '192010028', '2020-01-17', '3', '1', 1579218035, 1),
(423, '19201000', '2020-01-17', '3', '1', 1579218048, 1),
(424, '192010044', '2020-01-17', '7', '1', 1579218063, 1),
(425, '192010051', '2020-01-17', '4', '1', 1579218074, 1),
(426, '181910082', '2020-01-22', '2', '0', 1579669832, 2),
(427, '181910062', '2020-01-22', '5', '0', 1579669845, 2),
(428, '181910066', '2020-01-22', '3', '0', 1579669859, 2),
(429, '181910077', '2020-01-22', '5', '0', 1579669871, 2),
(430, '181910051', '2020-01-22', '3', '0', 1579669905, 2),
(431, '192010045', '2020-01-22', '1', '0', 1579669923, 1),
(432, '192010049', '2020-01-22', '3', '0', 1579669967, 1),
(433, '192010042', '2020-01-22', '5', '0', 1579669989, 1),
(434, '192010031', '2020-01-22', '5', '0', 1579670007, 1),
(435, '171810038', '2020-01-22', '7', '0', 1579670041, 3),
(436, '171810042', '2020-01-22', '5', '0', 1579670054, 3),
(437, '171810060', '2020-01-22', '2', '0', 1579670065, 3),
(438, '171810048', '2020-01-22', '2', '0', 1579670079, 3),
(439, '171810064', '2020-01-22', '2', '0', 1579670202, 3),
(440, '171810074', '2020-01-22', '2', '0', 1579670217, 3),
(441, '171810099', '2020-01-22', '5', '0', 1579670232, 3),
(442, '171810091', '2020-01-22', '1', '0', 1579670248, 3),
(443, '171810097', '2020-01-22', '1', '0', 1579670275, 3),
(444, '171810104', '2020-01-22', '7', '0', 1579670309, 3),
(445, '171810087', '2020-01-22', '1', '0', 1579670326, 3),
(446, '171810060', '2020-01-23', '3', '0', 1579756181, 3),
(447, '171810042', '2020-01-23', '6', '1', 1579756246, 3),
(448, '171810050', '2020-01-23', '1', '0', 1579756276, 3),
(449, '171810048', '2020-01-23', '3', '0', 1579756307, 3),
(450, '171810087', '2020-01-23', '2', '0', 1579756350, 3),
(451, '171810074', '2020-01-23', '3', '0', 1579756374, 3),
(452, '171810083', '2020-01-23', '1', '0', 1579756396, 3),
(453, '171810097', '2020-01-23', '2', '0', 1579756417, 3),
(454, '171810078', '2020-01-23', '4', '0', 1579756440, 3),
(455, '171810091', '2020-01-23', '2', '1', 1579756460, 3),
(456, '171810091', '2020-01-23', '2', '0', 1579756493, 3),
(457, '171810099', '2020-01-23', '6', '1', 1579756519, 3),
(458, '171810099', '2020-01-23', '6', '0', 1579756541, 3),
(459, '181910051', '2020-01-23', '4', '0', 1579756569, 2),
(460, '181910041', '2020-01-23', '1', '0', 1579756587, 2),
(461, '181910082', '2020-01-23', '3', '0', 1579756619, 2),
(462, '181910066', '2020-01-23', '4', '0', 1579756636, 2),
(463, '181910081', '2020-01-23', '1', '0', 1579756656, 2),
(464, '181910077', '2020-01-23', '6', '0', 1579756677, 2),
(465, '192010025', '2020-01-23', '1', '1', 1579756705, 1),
(466, '192010025', '2020-01-23', '1', '1', 1579756705, 1),
(467, '192010025', '2020-01-23', '1', '1', 1579756725, 1),
(468, '192010025', '2020-01-23', '1', '0', 1579756740, 1),
(469, '192010031', '2020-01-23', '6', '0', 1579756765, 1),
(470, '192010042', '2020-01-23', '6', '0', 1579756794, 1),
(471, '192010049', '2020-01-23', '4', '0', 1579756813, 1),
(472, '192010043', '2020-01-23', '1', '0', 1579756833, 1),
(473, '192010045', '2020-01-23', '2', '0', 1579756857, 1),
(474, '171810050', '2020-01-27', '6', '0', 1580101643, 3),
(475, '171810064', '2020-01-27', '7', '0', 1580101756, 3),
(476, '171810060', '2020-01-27', '7', '0', 1580101771, 3),
(477, '171810047', '2020-01-27', '2', '0', 1580101785, 3),
(478, '171810059', '2020-01-27', '2', '0', 1580101803, 3),
(479, '171810051', '2020-01-27', '3', '0', 1580101815, 3),
(480, '171810076', '2020-01-27', '2', '0', 1580101991, 3),
(481, '171810077', '2020-01-27', '4', '0', 1580102016, 3),
(482, '171810081', '2020-01-27', '2', '0', 1580102032, 3),
(483, '171810083', '2020-01-27', '5', '0', 1580102045, 3),
(484, '171810087', '2020-01-27', '6', '0', 1580102061, 3),
(485, '171810088', '2020-01-27', '4', '0', 1580102074, 3),
(486, '171810089', '2020-01-27', '1', '0', 1580102085, 3),
(487, '171810091', '2020-01-27', '6', '0', 1580102099, 3),
(488, '171810092', '2020-01-27', '4', '0', 1580102111, 3),
(489, '171810097', '2020-01-27', '6', '0', 1580102125, 3),
(490, '171810103', '2020-01-27', '4', '0', 1580102145, 3),
(491, '171810106', '2020-01-27', '3', '0', 1580102171, 3),
(492, '171810012', '2020-01-27', '2', '0', 1580102188, 3),
(493, '181910088', '2020-01-27', '1', '0', 1580102203, 2),
(494, '181910041', '2020-01-27', '5', '0', 1580102216, 2),
(495, '192010023', '2020-01-27', '2', '0', 1580102266, 1),
(496, '192010025', '2020-01-27', '5', '0', 1580102279, 1),
(497, '192010026', '2020-01-27', '3', '0', 1580102295, 1),
(498, '192010027', '2020-01-27', '2', '0', 1580102309, 1),
(499, '192010039', '2020-01-27', '3', '0', 1580102324, 1),
(500, '192010053', '2020-01-27', '2', '0', 1580102351, 1),
(501, '192010057', '2020-01-27', '2', '0', 1580102371, 1),
(502, '192010047', '2020-01-27', '3', '0', 1580102382, 1),
(503, '192010000', '2020-01-27', '2', '0', 1580102396, 1),
(504, '192010043', '2020-01-27', '5', '0', 1580102409, 1),
(505, '171810050', '2020-01-28', '7', '0', 1580188083, 3),
(506, '171810047', '2020-01-28', '3', '0', 1580188098, 3),
(507, '171810062', '2020-01-28', '1', '0', 1580188122, 3),
(508, '171810059', '2020-01-28', '3', '0', 1580188134, 3),
(509, '171810076', '2020-01-28', '3', '0', 1580188153, 3),
(510, '171810077', '2020-01-28', '5', '0', 1580188167, 3),
(511, '171810081', '2020-01-28', '3', '0', 1580188180, 3),
(512, '171810083', '2020-01-28', '6', '0', 1580188192, 3),
(513, '171810087', '2020-01-28', '7', '0', 1580188207, 3),
(514, '171810088', '2020-01-28', '5', '0', 1580188242, 3),
(515, '171810089', '2020-01-28', '2', '0', 1580188268, 3),
(516, '171810091', '2020-01-28', '7', '0', 1580188299, 3),
(517, '171810092', '2020-01-28', '5', '0', 1580188317, 3),
(518, '171810097', '2020-01-28', '7', '0', 1580188331, 3),
(519, '171810102', '2020-01-28', '1', '0', 1580188347, 3),
(520, '171810103', '2020-01-28', '5', '0', 1580188358, 3),
(521, '171810106', '2020-01-28', '4', '0', 1580188375, 3),
(522, '171810012', '2020-01-28', '3', '0', 1580188387, 3),
(523, '181910041', '2020-01-28', '6', '0', 1580188432, 2),
(524, '181910040', '2020-01-28', '1', '0', 1580188445, 2),
(525, '181910088', '2020-01-28', '2', '0', 1580188458, 2),
(526, '192010023', '2020-01-28', '3', '0', 1580188483, 1),
(527, '192010039', '2020-01-28', '4', '0', 1580188497, 1),
(528, '192010025', '2020-01-28', '6', '0', 1580188512, 1),
(529, '192010026', '2020-01-28', '4', '0', 1580188525, 1),
(530, '192010027', '2020-01-28', '3', '0', 1580188539, 1),
(531, '192010053', '2020-01-28', '3', '0', 1580188556, 1),
(532, '192010047', '2020-01-28', '4', '0', 1580188566, 1),
(533, '192010057', '2020-01-28', '3', '0', 1580188588, 1),
(534, '192010065', '2020-01-28', '1', '0', 1580188606, 1),
(535, '192010000', '2020-01-28', '3', '0', 1580188620, 1),
(536, '192010043', '2020-01-28', '6', '0', 1580188631, 1),
(537, '171810051', '2020-01-28', '4', '0', 1580188647, 3),
(538, '171810051', '2020-01-29', '5', '0', 1580274994, 3),
(539, '171810059', '2020-01-29', '4', '0', 1580275006, 3),
(540, '171810050', '2020-01-29', '8', '0', 1580275022, 3),
(541, '171810047', '2020-01-29', '5', '0', 1580275039, 3),
(542, '171810062', '2020-01-29', '2', '0', 1580275050, 3),
(543, '171810076', '2020-01-29', '4', '0', 1580275074, 3),
(544, '171810077', '2020-01-29', '6', '0', 1580275085, 3),
(545, '171810083', '2020-01-29', '7', '0', 1580275097, 3),
(546, '171810088', '2020-01-29', '6', '0', 1580275107, 3),
(547, '171810106', '2020-01-29', '5', '0', 1580275122, 3),
(548, '171810103', '2020-01-29', '6', '0', 1580275137, 3),
(549, '171810080', '2020-01-29', '8', '0', 1580275152, 3),
(550, '171810089', '2020-01-29', '3', '0', 1580275162, 3),
(551, '181910040', '2020-01-29', '2', '0', 1580275179, 2),
(552, '181910088', '2020-01-29', '3', '0', 1580275189, 2),
(553, '181910076', '2020-01-29', '1', '0', 1580275200, 2),
(554, '192010025', '2020-01-29', '7', '0', 1580275220, 1),
(555, '192010027', '2020-01-29', '4', '0', 1580275231, 1),
(556, '192010026', '2020-01-29', '5', '0', 1580275240, 1),
(557, '192010039', '2020-01-29', '5', '0', 1580275251, 1),
(558, '192010023', '2020-01-29', '4', '0', 1580275264, 1),
(559, '192010053', '2020-01-29', '4', '0', 1580275274, 1),
(560, '192010057', '2020-01-29', '4', '0', 1580275285, 1),
(561, '192010047', '2020-01-29', '5', '0', 1580275296, 1),
(562, '192010000', '2020-01-29', '4', '0', 1580275305, 1),
(563, '192010065', '2020-01-29', '2', '0', 1580275319, 1),
(564, '192010048', '2020-01-29', '1', '0', 1580275330, 1),
(565, '181910088', '2020-01-30', '4', '0', 1580361287, 2),
(566, '181910040', '2020-01-30', '3', '0', 1580361297, 2),
(567, '181910076', '2020-01-30', '2', '0', 1580361308, 2),
(568, '192010023', '2020-01-30', '5', '0', 1580361338, 1),
(569, '192010039', '2020-01-30', '6', '0', 1580361349, 1),
(570, '192010026', '2020-01-30', '6', '0', 1580361359, 1),
(571, '192010027', '2020-01-30', '5', '0', 1580361377, 1),
(572, '192010053', '2020-01-30', '5', '0', 1580361387, 1),
(573, '192010047', '2020-01-30', '6', '0', 1580361399, 1),
(574, '192010057', '2020-01-30', '5', '0', 1580361419, 1),
(575, '192010000', '2020-01-30', '5', '0', 1580361432, 1),
(576, '192010065', '2020-01-30', '3', '0', 1580361443, 1),
(577, '192010048', '2020-01-30', '2', '0', 1580361454, 1),
(578, '171810052', '2020-02-03', '5', '0', 1580706774, 3),
(579, '171810043', '2020-02-03', '6', '0', 1580706788, 3),
(580, '171810057', '2020-02-03', '3', '0', 1580706801, 3),
(581, '1718100', '2020-02-03', '2', '0', 1580706813, 3),
(582, '171810066', '2020-02-03', '2', '0', 1580706826, 3),
(583, '171810063', '2020-02-03', '4', '0', 1580706841, 3),
(584, '171810112', '2020-02-03', '5', '0', 1580706858, 3),
(585, '171810067', '2020-02-03', '3', '0', 1580706870, 3),
(586, '171810090', '2020-02-03', '2', '0', 1580706887, 3),
(587, '171810108', '2020-02-03', '3', '0', 1580706899, 3),
(588, '171810020', '2020-02-03', '5', '0', 1580706914, 3),
(589, '181910044', '2020-02-03', '3', '0', 1580706937, 2),
(590, '181910080', '2020-02-03', '1', '0', 1580706992, 2),
(591, '181910009', '2020-02-03', '1', '0', 1580707010, 2),
(592, '192010038', '2020-02-03', '5', '0', 1580707024, 1),
(593, '192010048', '2020-02-03', '6', '0', 1580707040, 1),
(594, '192010050', '2020-02-03', '4', '0', 1580707053, 1),
(595, '192010064', '2020-02-03', '4', '0', 1580707071, 1),
(596, '192010055', '2020-02-03', '3', '0', 1580707087, 1),
(597, '192010042', '2020-02-03', '1', '0', 1580707107, 1),
(598, '192010055', '2020-02-04', '4', '0', 1580792895, 1),
(599, '192010064', '2020-02-04', '5', '0', 1580792913, 1),
(600, '192010063', '2020-02-04', '5', '0', 1580792925, 1),
(601, '192010061', '2020-02-04', '1', '0', 1580792939, 1),
(602, '192010050', '2020-02-04', '5', '0', 1580792952, 1),
(603, '171810057', '2020-02-04', '4', '0', 1580792992, 3),
(604, '171810112', '2020-02-04', '6', '0', 1580793003, 3),
(605, '171810090', '2020-02-04', '3', '0', 1580793019, 3),
(606, '171810108', '2020-02-04', '4', '0', 1580793031, 3),
(607, '181910009', '2020-02-04', '2', '0', 1580793048, 2),
(608, '171810052', '2020-02-04', '6', '0', 1580793219, 3),
(609, '171810066', '2020-02-04', '3', '0', 1580793234, 3),
(610, '171810067', '2020-02-04', '4', '0', 1580793332, 3),
(611, '171810063', '2020-02-04', '5', '0', 1580793343, 3),
(612, '1718100', '2020-02-04', '3', '0', 1580793356, 3),
(613, '171810020', '2020-02-04', '6', '0', 1580793373, 3),
(614, '171810032', '2020-02-04', '7', '0', 1580793383, 3),
(615, '181910044', '2020-02-04', '4', '0', 1580793405, 2),
(616, '181910080', '2020-02-04', '2', '0', 1580793425, 2),
(617, '192010038', '2020-02-04', '6', '0', 1580793448, 1),
(618, '192010036', '2020-02-04', '1', '0', 1580793463, 1),
(619, '192010029', '2020-02-04', '1', '0', 1580793474, 1),
(620, '192010024', '2020-02-04', '1', '0', 1580793489, 1),
(621, '192010058', '2020-02-04', '1', '0', 1580793516, 1),
(622, '192010042', '2020-02-04', '2', '0', 1580793531, 1),
(623, '1718100', '2020-02-05', '4', '0', 1580879611, 3),
(624, '171810066', '2020-02-05', '4', '0', 1580879622, 3),
(625, '171810063', '2020-02-05', '6', '0', 1580879633, 3),
(626, '171810057', '2020-02-05', '5', '1', 1580879644, 3),
(627, '171810067', '2020-02-05', '5', '0', 1580879654, 3),
(628, '171810112', '2020-02-05', '7', '0', 1580879673, 3),
(629, '171810090', '2020-02-05', '4', '0', 1580879709, 3),
(630, '171810108', '2020-02-05', '5', '0', 1580879721, 3),
(631, '171810107', '2020-02-05', '1', '0', 1580879731, 3),
(632, '171810020', '2020-02-05', '7', '0', 1580879744, 3),
(633, '171810032', '2020-02-05', '8', '0', 1580879758, 3),
(634, '181910044', '2020-02-05', '5', '0', 1580879775, 2),
(635, '181910049', '2020-02-05', '1', '0', 1580879788, 2),
(637, '181910065', '2020-02-05', '1', '0', 1580879833, 2),
(638, '181910080', '2020-02-05', '3', '0', 1580879847, 2),
(639, '181910009', '2020-02-05', '3', '0', 1580879863, 2),
(640, '192010029', '2020-02-05', '2', '0', 1580879882, 1),
(641, '192010036', '2020-02-05', '2', '0', 1580879891, 1),
(642, '192010024', '2020-02-05', '2', '0', 1580879902, 1),
(643, '192010034', '2020-02-05', '1', '0', 1580879922, 1),
(644, '192010058', '2020-02-05', '2', '0', 1580879942, 1),
(646, '192010060', '2020-02-05', '1', '0', 1580879963, 1),
(647, '192010055', '2020-02-05', '5', '0', 1580879974, 1),
(648, '192010050', '2020-02-05', '6', '0', 1580879985, 1),
(650, '192010064', '2020-02-05', '6', '0', 1580880014, 1),
(651, '192010061', '2020-02-05', '2', '0', 1580880047, 1),
(652, '1718100', '2020-02-06', '5', '0', 1580966052, 3),
(653, '171810057', '2020-02-06', '6', '0', 1580966069, 3),
(654, '171810041', '2020-02-06', '1', '0', 1580966081, 3),
(655, '171810067', '2020-02-06', '6', '0', 1580966098, 3),
(656, '171810066', '2020-02-06', '6', '0', 1580966111, 3),
(657, '171810090', '2020-02-06', '5', '1', 1580966161, 3),
(658, '171810090', '2020-02-06', '5', '0', 1580966168, 3),
(659, '171810108', '2020-02-06', '6', '0', 1580966178, 3),
(660, '171810107', '2020-02-06', '2', '0', 1580966189, 3),
(661, '171810006', '2020-02-06', '1', '1', 1580966199, 3),
(662, '171810006', '2020-02-06', '1', '0', 1580966206, 3),
(663, '181910049', '2020-02-06', '2', '0', 1580966220, 2),
(664, '181910044', '2020-02-06', '6', '0', 1580966230, 2),
(665, '181910080', '2020-02-06', '4', '0', 1580966244, 2),
(666, '181910083', '2020-02-06', '1', '0', 1580966256, 2),
(667, '181910079', '2020-02-06', '2', '0', 1580966270, 2),
(668, '181910064', '2020-02-06', '2', '0', 1580966281, 2),
(669, '181910055', '2020-02-06', '2', '0', 1580966291, 2),
(670, '181910070', '2020-02-06', '1', '0', 1580966310, 2),
(671, '181910065', '2020-02-06', '2', '0', 1580966320, 2),
(672, '181910009', '2020-02-06', '4', '0', 1580966334, 2),
(673, '192010036', '2020-02-06', '3', '0', 1580966350, 1),
(674, '192010029', '2020-02-06', '3', '0', 1580966361, 1),
(675, '192010024', '2020-02-06', '3', '0', 1580966376, 1),
(676, '192010034', '2020-02-06', '2', '0', 1580966388, 1),
(677, '192010058', '2020-02-06', '3', '0', 1580966400, 1),
(678, '192010060', '2020-02-06', '2', '0', 1580966412, 1),
(679, '192010064', '2020-02-06', '7', '0', 1580966424, 1),
(680, '192010042', '2020-02-06', '4', '0', 1580966435, 1),
(681, '192010050', '2020-02-06', '7', '0', 1580966448, 1),
(683, '192010061', '2020-02-06', '3', '0', 1580966473, 1),
(684, '192010055', '2020-02-06', '6', '0', 1580966484, 1),
(685, '192010063', '2020-02-06', '7', '0', 1580966543, 1),
(686, '192010063', '2020-02-05', '6', '0', 1580966576, 1),
(687, '171810073', '2020-02-13', '4', '0', 1581570556, 3),
(688, '171810044', '2020-02-13', '7', '0', 1581570611, 3),
(689, '171810065', '2020-02-13', '5', '0', 1581570627, 3),
(690, '171810078', '2020-02-13', '1', '0', 1581570650, 3),
(691, '171810080', '2020-02-13', '2', '0', 1581570686, 3),
(692, '171810085', '2020-02-13', '3', '0', 1581570711, 3),
(693, '171810099', '2020-02-13', '3', '0', 1581570778, 3),
(694, '171810102', '2020-02-13', '4', '0', 1581570806, 3),
(695, '181910055', '2020-02-13', '5', '0', 1581570845, 2),
(696, '181910077', '2020-02-13', '1', '0', 1581570866, 2),
(697, '181910084', '2020-02-13', '5', '0', 1581570888, 2),
(698, '181910073', '2020-02-13', '3', '0', 1581570915, 2),
(699, '181910080', '2020-02-13', '1', '1', 1581570936, 2),
(700, '181910080', '2020-02-13', '1', '0', 1581570938, 2),
(701, '192010028', '2020-02-13', '5', '0', 1581570966, 1),
(702, '192010044', '2020-02-13', '6', '0', 1581570994, 1),
(703, '192010046', '2020-02-13', '2', '0', 1581571030, 1),
(704, '192010056', '2020-02-13', '2', '0', 1581571084, 1),
(705, '171810074', '2020-02-17', '2', '0', 1581916354, 3),
(706, '171810078', '2020-02-17', '5', '0', 1581916365, 3),
(707, '171810099', '2020-02-17', '7', '0', 1581916379, 3),
(708, '171810104', '2020-02-17', '4', '0', 1581916395, 3),
(709, '171810033', '2020-02-17', '1', '0', 1581916409, 3),
(710, '181910050', '2020-02-17', '2', '0', 1581916433, 2),
(711, '181910051', '2020-02-17', '2', '0', 1581916449, 2),
(712, '181910041', '2020-02-17', '3', '0', 1581916464, 2),
(713, '181910067', '2020-02-17', '3', '0', 1581916480, 2),
(714, '181910071', '2020-02-17', '3', '0', 1581916501, 2),
(715, '181910075', '2020-02-17', '4', '0', 1581916514, 2),
(716, '181910062', '2020-02-17', '3', '0', 1581916529, 2),
(717, '181910011', '2020-02-17', '5', '0', 1581916550, 2),
(718, '192010023', '2020-02-17', '1', '0', 1581916566, 1),
(719, '192010033', '2020-02-17', '1', '0', 1581916584, 1),
(720, '19201000', '2020-02-17', '4', '0', 1581916600, 1),
(721, '192010046', '2020-02-17', '6', '0', 1581916614, 1),
(722, '192010052', '2020-02-17', '4', '0', 1581916636, 1),
(723, '192010056', '2020-02-17', '6', '0', 1581916649, 1),
(724, '192010051', '2020-02-17', '6', '0', 1581916670, 1),
(725, '181910050', '2020-02-18', '3', '0', 1582002781, 2),
(726, '171810108', '2020-02-18', '3', '0', 1582002795, 3),
(727, '181910041', '2020-02-18', '4', '0', 1582002815, 2),
(728, '192010023', '2020-02-18', '2', '0', 1582002839, 1),
(729, '192010033', '2020-02-18', '2', '0', 1582002850, 1),
(730, '19201000', '2020-02-18', '5', '0', 1582002861, 1),
(731, '192010046', '2020-02-18', '8', '0', 1582002900, 1),
(732, '181910011', '2020-02-18', '6', '0', 1582002919, 2),
(733, '181910075', '2020-02-18', '5', '0', 1582002936, 2),
(734, '1718100', '2020-02-18', '4', '0', 1582002953, 3),
(735, '181910062', '2020-02-18', '4', '0', 1582002963, 2),
(736, '181910071', '2020-02-18', '4', '0', 1582002974, 2),
(737, '171810051', '2020-02-19', '2', '0', 1582089107, 3),
(738, '171810074', '2020-02-19', '4', '0', 1582089126, 3),
(739, '171810104', '2020-02-19', '6', '0', 1582089141, 3),
(740, '171810091', '2020-02-19', '1', '0', 1582089180, 3),
(741, '171810033', '2020-02-19', '3', '0', 1582089222, 3),
(742, '181910050', '2020-02-19', '4', '0', 1582089240, 2),
(743, '181910051', '2020-02-19', '4', '0', 1582089269, 2),
(744, '181910041', '2020-02-19', '5', '0', 1582089286, 2),
(745, '181910052', '2020-02-19', '2', '0', 1582089322, 2),
(746, '181910067', '2020-02-19', '5', '0', 1582089351, 2),
(747, '181910062', '2020-02-19', '5', '0', 1582089364, 2),
(748, '181910071', '2020-02-19', '5', '0', 1582089375, 2),
(749, '181910075', '2020-02-19', '6', '0', 1582089393, 2),
(750, '192010023', '2020-02-19', '3', '1', 1582089410, 1),
(751, '192010023', '2020-02-19', '3', '0', 1582089418, 1),
(752, '192010033', '2020-02-19', '3', '0', 1582089431, 1),
(753, '19201000', '2020-02-19', '6', '0', 1582089446, 1),
(754, '192010031', '2020-02-19', '1', '0', 1582089457, 1),
(755, '192010053', '2020-02-19', '1', '0', 1582089474, 1),
(756, '192010042', '2020-02-19', '1', '0', 1582089487, 1),
(757, '192010043', '2020-02-19', '1', '0', 1582089501, 1),
(758, '171810051', '2020-02-20', '3', '0', 1582175449, 3),
(759, '171810074', '2020-02-20', '5', '0', 1582175465, 3),
(760, '171810104', '2020-02-20', '7', '0', 1582175477, 3),
(761, '171810091', '2020-02-20', '2', '0', 1582175499, 3),
(762, '171810089', '2020-02-20', '1', '0', 1582175516, 3),
(763, '171810092', '2020-02-20', '1', '0', 1582175529, 3),
(764, '171810033', '2020-02-20', '4', '0', 1582175548, 3),
(765, '181910041', '2020-02-20', '6', '0', 1582175594, 2),
(766, '181910050', '2020-02-20', '5', '0', 1582175613, 2),
(767, '171810108', '2020-02-20', '5', '0', 1582175634, 3),
(768, '181910088', '2020-02-20', '1', '0', 1582175649, 2),
(769, '181910043', '2020-02-20', '1', '0', 1582175662, 2),
(770, '181910052', '2020-02-20', '3', '0', 1582175677, 2),
(771, '181910067', '2020-02-20', '2', '0', 1582175690, 2),
(772, '192010033', '2020-02-20', '4', '0', 1582175709, 1),
(773, '192010023', '2020-02-20', '4', '0', 1582175730, 1),
(774, '192010031', '2020-02-20', '2', '0', 1582175750, 1),
(775, '192010053', '2020-02-20', '2', '0', 1582175764, 1),
(776, '192010041', '2020-02-20', '1', '0', 1582175778, 1),
(777, '192010042', '2020-02-20', '2', '0', 1582175796, 1),
(778, '192010007', '2020-02-20', '1', '0', 1582175809, 1),
(779, '192010043', '2020-02-20', '2', '0', 1582175825, 1),
(780, '171810064', '2020-02-25', '4', '0', 1582607756, 3),
(781, '171810052', '2020-02-25', '2', '0', 1582607768, 3),
(782, '171810058', '2020-02-25', '4', '0', 1582607779, 3),
(783, '171810050', '2020-02-25', '4', '0', 1582607795, 3),
(784, '171810048', '2020-02-25', '1', '0', 1582607806, 3),
(785, '171810067', '2020-02-25', '2', '0', 1582607816, 3),
(786, '171810012', '2020-02-25', '3', '0', 1582607839, 3),
(787, '181910088', '2020-02-25', '6', '0', 1582607855, 2),
(788, '181910043', '2020-02-25', '6', '0', 1582607866, 2),
(789, '181910060', '2020-02-25', '3', '0', 1582607879, 2),
(790, '181910080', '2020-02-25', '2', '0', 1582607923, 2),
(791, '171810069', '2020-02-25', '1', '0', 1582607937, 3),
(792, '192010025', '2020-02-25', '4', '0', 1582607952, 1),
(793, '192010041', '2020-02-25', '6', '0', 1582607963, 1),
(794, '192010049', '2020-02-25', '3', '0', 1582607978, 1),
(795, '192010057', '2020-02-25', '3', '0', 1582608012, 1),
(796, '192010047', '2020-02-25', '1', '0', 1582608030, 1),
(797, '171810081', '2020-02-26', '4', '0', 1582693826, 3),
(798, '171810088', '2020-02-26', '4', '0', 1582693840, 3),
(799, '171810076', '2020-02-26', '1', '0', 1582693851, 3),
(800, '171810089', '2020-02-26', '7', '0', 1582693865, 3),
(801, '171810091', '2020-02-26', '7', '0', 1582693877, 3),
(802, '171810106', '2020-02-26', '2', '0', 1582693894, 3),
(803, '171810096', '2020-02-26', '1', '0', 1582693907, 3),
(804, '171810097', '2020-02-26', '1', '0', 1582693920, 3),
(805, '171810032', '2020-02-26', '3', '0', 1582693955, 3),
(806, '181910082', '2020-02-26', '3', '0', 1582694052, 2),
(807, '181910060', '2020-02-26', '4', '0', 1582694076, 2),
(808, '181910048', '2020-02-26', '1', '0', 1582694100, 2),
(809, '171810069', '2020-02-26', '2', '0', 1582694127, 3),
(810, '192010025', '2020-02-26', '5', '0', 1582694139, 1),
(811, '192010026', '2020-02-26', '6', '0', 1582694155, 1),
(812, '192010057', '2020-02-26', '4', '0', 1582694186, 1),
(813, '192010047', '2020-02-26', '2', '0', 1582694199, 1),
(814, '192010063', '2020-02-26', '1', '0', 1582694213, 1),
(815, '192010049', '2020-02-26', '4', '0', 1582694246, 1),
(816, '171810052', '2020-02-27', '4', '0', 1582780470, 3),
(817, '171810058', '2020-02-27', '6', '0', 1582780480, 3),
(818, '171810064', '2020-02-27', '6', '0', 1582780494, 3),
(819, '171810050', '2020-02-27', '6', '1', 1582780507, 3),
(820, '171810050', '2020-02-27', '6', '0', 1582780514, 3),
(821, '171810062', '2020-02-27', '1', '0', 1582780525, 3),
(822, '171810069', '2020-02-27', '4', '0', 1582780536, 3),
(823, '171810067', '2020-02-27', '4', '0', 1582780547, 3),
(824, '171810048', '2020-02-27', '3', '0', 1582780557, 3),
(825, '171810059', '2020-02-27', '1', '0', 1582780571, 3),
(826, '171810081', '2020-02-27', '5', '0', 1582780582, 3),
(827, '171810076', '2020-02-27', '2', '0', 1582780592, 3),
(828, '171810087', '2020-02-27', '1', '0', 1582780603, 3),
(829, '171810088', '2020-02-27', '5', '0', 1582780616, 3),
(830, '171810096', '2020-02-27', '2', '0', 1582780626, 3),
(831, '171810106', '2020-02-27', '3', '0', 1582780645, 3),
(832, '171810012', '2020-02-27', '5', '0', 1582780656, 3),
(833, '171810032', '2020-02-27', '4', '0', 1582780666, 3),
(834, '181910048', '2020-02-27', '2', '0', 1582780678, 2),
(835, '181910060', '2020-02-27', '5', '0', 1582780690, 2),
(836, '181910082', '2020-02-27', '4', '0', 1582780702, 2),
(837, '181910080', '2020-02-27', '4', '0', 1582780713, 2),
(838, '192010025', '2020-02-27', '6', '0', 1582780730, 1),
(839, '192010039', '2020-02-27', '3', '0', 1582780745, 1),
(840, '192010034', '2020-02-27', '1', '1', 1582780759, 1),
(841, '192010034', '2020-02-27', '1', '0', 1582780765, 1),
(842, '192010027', '2020-02-27', '2', '0', 1582780776, 1),
(843, '192010047', '2020-02-27', '3', '0', 1582780787, 1),
(844, '192010064', '2020-02-27', '1', '0', 1582780797, 1),
(845, '192010049', '2020-02-27', '5', '0', 1582780809, 1),
(846, '192010000', '2020-02-27', '1', '0', 1582780818, 1),
(847, '192010057', '2020-02-27', '5', '0', 1582780830, 1),
(848, '171810037', '2020-03-09', '4', '0', 1583730695, 3),
(849, '171810040', '2020-03-09', '5', '0', 1583730750, 3),
(850, '171810041', '2020-03-09', '5', '0', 1583730770, 3),
(851, '171810112', '2020-03-09', '7', '0', 1583730796, 3),
(852, '171810044', '2020-03-09', '3', '0', 1583730814, 3),
(853, '171810063', '2020-03-09', '3', '0', 1583730833, 3),
(854, '171810042', '2020-03-09', '2', '0', 1583730852, 3),
(855, '171810065', '2020-03-09', '4', '0', 1583730869, 3),
(856, '171810057', '2020-03-09', '5', '0', 1583730897, 3),
(857, '171810077', '2020-03-09', '1', '0', 1583730935, 3),
(858, '171810078', '2020-03-09', '1', '0', 1583730950, 3),
(859, '171810006', '2020-03-09', '5', '0', 1583730970, 3),
(860, '171810020', '2020-03-09', '7', '0', 1583730994, 3),
(861, '181910009', '2020-03-09', '1', '0', 1583731032, 2),
(862, '192010054', '2020-03-09', '3', '0', 1583731100, 1),
(863, '192010061', '2020-03-09', '5', '0', 1583731116, 1),
(864, '192010050', '2020-03-09', '6', '0', 1583731134, 1),
(865, '192010058', '2020-03-09', '5', '0', 1583731165, 1),
(866, '192010056', '2020-03-09', '5', '0', 1583731190, 1),
(867, '192010044', '2020-03-09', '5', '0', 1583731206, 1),
(868, '19201000', '2020-03-09', '2', '0', 1583731241, 1),
(869, '192010036', '2020-03-09', '3', '0', 1583731263, 1),
(870, '192010028', '2020-03-09', '2', '0', 1583731287, 1),
(871, '192010024', '2020-03-09', '7', '0', 1583731307, 1),
(872, '192010029', '2020-03-09', '3', '0', 1583731328, 1),
(873, '181910045', '2020-03-09', '7', '0', 1583731354, 2),
(874, '171810037', '2020-03-10', '5', '0', 1583816957, 3),
(875, '171810041', '2020-03-10', '6', '0', 1583816971, 3),
(876, '171810042', '2020-03-10', '3', '0', 1583816982, 3),
(877, '171810040', '2020-03-10', '6', '0', 1583817006, 3),
(878, '171810044', '2020-03-10', '4', '0', 1583817025, 3),
(879, '171810057', '2020-03-10', '6', '0', 1583817039, 3),
(880, '171810063', '2020-03-10', '4', '0', 1583817050, 3),
(881, '171810065', '2020-03-10', '5', '0', 1583817060, 3),
(882, '171810077', '2020-03-10', '2', '0', 1583817077, 3),
(883, '171810078', '2020-03-10', '2', '0', 1583817089, 3),
(884, '171810108', '2020-03-10', '1', '0', 1583817101, 3),
(885, '171810020', '2020-03-10', '8', '0', 1583817122, 3),
(886, '171810006', '2020-03-10', '6', '0', 1583817137, 3),
(887, '181910062', '2020-03-10', '1', '0', 1583817161, 2),
(888, '181910084', '2020-03-10', '1', '0', 1583817174, 2),
(889, '192010036', '2020-03-10', '5', '0', 1583817214, 1),
(890, '192010029', '2020-03-10', '4', '0', 1583817224, 1),
(891, '192010028', '2020-03-10', '3', '0', 1583817234, 1),
(892, '19201000', '2020-03-10', '3', '0', 1583817248, 1),
(893, '192010044', '2020-03-10', '6', '0', 1583817259, 1),
(894, '192010056', '2020-03-10', '6', '0', 1583817283, 1),
(895, '192010058', '2020-03-10', '6', '1', 1583817302, 1),
(896, '192010058', '2020-03-10', '6', '0', 1583817309, 1),
(897, '192010061', '2020-03-10', '6', '1', 1583817322, 1),
(898, '192010061', '2020-03-10', '6', '0', 1583817330, 1),
(899, '192010054', '2020-03-10', '4', '0', 1583817342, 1),
(900, '192010050', '2020-03-10', '6', '0', 1583817356, 1),
(901, '171810037', '2020-03-11', '6', '0', 1583903370, 3),
(902, '171810040', '2020-03-11', '7', '0', 1583903387, 3),
(903, '171810042', '2020-03-11', '4', '0', 1583903436, 3),
(904, '171810044', '2020-03-11', '5', '0', 1583903448, 3),
(905, '171810063', '2020-03-11', '5', '0', 1583903462, 3),
(906, '171810080', '2020-03-11', '1', '0', 1583903477, 3),
(907, '171810077', '2020-03-11', '3', '0', 1583903489, 3),
(908, '171810078', '2020-03-11', '3', '0', 1583903502, 3),
(909, '171810108', '2020-03-11', '2', '0', 1583903514, 3),
(910, '171810006', '2020-03-11', '7', '0', 1583903526, 3),
(911, '181910075', '2020-03-11', '1', '0', 1583903577, 2),
(912, '181910084', '2020-03-11', '2', '0', 1583903595, 2),
(913, '181910062', '2020-03-11', '2', '0', 1583903608, 2),
(914, '181910009', '2020-03-11', '3', '0', 1583903622, 2),
(915, '181910009', '2020-03-10', '2', '0', 1583903637, 2),
(916, '192010036', '2020-03-11', '6', '0', 1583903652, 1),
(917, '192010029', '2020-03-11', '5', '0', 1583903663, 1),
(918, '192010033', '2020-03-11', '6', '0', 1583903677, 1),
(919, '192010028', '2020-03-11', '4', '0', 1583903696, 1),
(920, '19201000', '2020-03-11', '4', '0', 1583903716, 1),
(921, '192010054', '2020-03-11', '5', '0', 1583903727, 1),
(922, '192010050', '2020-03-11', '7', '0', 1583903739, 1),
(923, '171810042', '2020-03-12', '5', '0', 1583989863, 3),
(924, '171810044', '2020-03-12', '6', '0', 1583989876, 3),
(925, '171810065', '2020-03-12', '7', '0', 1583989887, 3),
(926, '171810077', '2020-03-12', '4', '0', 1583989902, 3),
(927, '171810078', '2020-03-12', '4', '0', 1583989913, 3),
(928, '171810080', '2020-03-12', '2', '0', 1583989926, 3),
(929, '171810108', '2020-03-12', '2', '0', 1583989940, 3),
(930, '171810099', '2020-03-12', '2', '0', 1583989951, 3),
(931, '181910041', '2020-03-12', '1', '0', 1583989979, 2),
(932, '181910075', '2020-03-12', '2', '0', 1583989990, 2),
(933, '181910084', '2020-03-12', '3', '0', 1583990001, 2),
(934, '181910062', '2020-03-12', '3', '0', 1583990017, 2),
(935, '181910009', '2020-03-12', '5', '0', 1583990031, 2),
(936, '181910011', '2020-03-12', '1', '0', 1583990041, 2),
(937, '192010036', '2020-03-12', '7', '0', 1583990054, 1),
(938, '192010028', '2020-03-12', '5', '0', 1583990068, 1),
(939, '192010033', '2020-03-12', '7', '0', 1583990079, 1),
(940, '192010029', '2020-03-12', '6', '0', 1583990091, 1),
(941, '192010054', '2020-03-12', '6', '0', 1583990103, 1),
(942, '192010052', '2020-03-12', '2', '0', 1583990121, 1);

-- --------------------------------------------------------

--
-- Struktur dari tabel `jurusan`
--

CREATE TABLE `jurusan` (
  `id` int(11) NOT NULL,
  `kode_jurusan` int(11) NOT NULL,
  `singkatan_jurusan` varchar(250) NOT NULL,
  `nama_jurusan` varchar(250) NOT NULL,
  `status` int(11) NOT NULL
) ENGINE=InnoDB DEFAULT CHARSET=latin1;

--
-- Dumping data untuk tabel `jurusan`
--

INSERT INTO `jurusan` (`id`, `kode_jurusan`, `singkatan_jurusan`, `nama_jurusan`, `status`) VALUES
(1, 1, 'TKJ', 'Teknik Komputer dan Jaringan', 1),
(2, 2, 'AKL', 'Akuntansi Keuangan dan Lembaga ', 1),
(3, 3, 'OTKP', 'Otomatisasi dan Tata Kelola Perkantoran', 1),
(5, 4, 'RPL', 'Rekayasa Perangkat Lunak', 0);

-- --------------------------------------------------------

--
-- Struktur dari tabel `laporan_pdf`
--

CREATE TABLE `laporan_pdf` (
  `id` int(11) NOT NULL,
  `input_left` varchar(250) NOT NULL,
  `date` int(11) NOT NULL
) ENGINE=InnoDB DEFAULT CHARSET=latin1;

--
-- Dumping data untuk tabel `laporan_pdf`
--

INSERT INTO `laporan_pdf` (`id`, `input_left`, `date`) VALUES
(1, 'Wakil Kesiswaan', 1586876248);

-- --------------------------------------------------------

--
-- Struktur dari tabel `menu`
--

CREATE TABLE `menu` (
  `id` int(11) NOT NULL,
  `menu_id` int(11) NOT NULL,
  `url` varchar(250) NOT NULL,
  `icon` varchar(250) NOT NULL,
  `nama_menu` varchar(250) NOT NULL
) ENGINE=InnoDB DEFAULT CHARSET=latin1;

--
-- Dumping data untuk tabel `menu`
--

INSERT INTO `menu` (`id`, `menu_id`, `url`, `icon`, `nama_menu`) VALUES
(1, 1, 'dashboard', 'fas fa-fw fa-tachometer-alt', 'Dashboard'),
(2, 2, 'murid', 'fas fa-fw fa-user', 'Murid'),
(3, 3, 'haid', 'fab fa-fw fa-canadian-maple-leaf', 'Haid'),
(4, 4, 'poin_pelanggaran', 'fas fa-fw fa-gavel', 'Poin pelanggaran'),
(5, 5, 'users', 'fas fa-fw fa-chalkboard-teacher', 'Users'),
(6, 6, 'jurusan', 'fab fa-fw fa-black-tie', 'Jurusan'),
(8, 8, 'poin_prestasi', 'fas fa-trophy fa-fw', 'Poin prestasi'),
(10, 10, 'managemen_menu', 'fas fa-fw fa-bars', 'Management Menu'),
(12, 11, 'mutasi', 'fab fa-fw fa-buffer', 'Mutasi'),
(13, 12, 'upacara', 'fas fa-graduation-cap fa-fw', 'Upacara'),
(14, 13, 'about', 'fas fa-info fa-fw', 'About us'),
(15, 14, 'setting_pdf', 'fas fa-cog fa-fw', 'Setting Laporan PDF');

-- --------------------------------------------------------

--
-- Struktur dari tabel `menu_role`
--

CREATE TABLE `menu_role` (
  `id` int(11) NOT NULL,
  `menu_id` int(11) NOT NULL,
  `role_id` int(11) NOT NULL
) ENGINE=InnoDB DEFAULT CHARSET=latin1;

--
-- Dumping data untuk tabel `menu_role`
--

INSERT INTO `menu_role` (`id`, `menu_id`, `role_id`) VALUES
(1, 1, 1),
(2, 2, 1),
(3, 3, 1),
(4, 4, 1),
(5, 5, 1),
(6, 6, 1),
(8, 2, 4),
(9, 4, 4),
(10, 3, 2),
(11, 8, 1),
(12, 8, 4),
(16, 10, 1),
(20, 11, 1),
(21, 12, 1),
(22, 12, 2),
(23, 12, 4),
(24, 13, 1),
(25, 13, 4),
(26, 14, 1);

-- --------------------------------------------------------

--
-- Struktur dari tabel `murid_poin_prestasi`
--

CREATE TABLE `murid_poin_prestasi` (
  `id` int(11) NOT NULL,
  `nisn_id` varchar(250) NOT NULL,
  `poin_id` int(11) NOT NULL,
  `date` date NOT NULL,
  `kelas` int(11) NOT NULL
) ENGINE=InnoDB DEFAULT CHARSET=latin1;

-- --------------------------------------------------------

--
-- Struktur dari tabel `poin`
--

CREATE TABLE `poin` (
  `id` int(11) NOT NULL,
  `pelanggaran` varchar(250) NOT NULL,
  `pasal` varchar(250) NOT NULL,
  `poin` varchar(250) NOT NULL,
  `tindakan` varchar(250) NOT NULL
) ENGINE=InnoDB DEFAULT CHARSET=latin1;

--
-- Dumping data untuk tabel `poin`
--

INSERT INTO `poin` (`id`, `pelanggaran`, `pasal`, `poin`, `tindakan`) VALUES
(7, 'Tidak mengikuti upacara bendera pada hari Senin', 'Pasal 2 ayat 3', '3', 'Diperingatkan'),
(8, 'Berada di luar kelas saat KBM berlangsung tanpa izin guru/guru piket', 'Pasal 2 ayat 4 & 5', '1', 'Diperingatkan'),
(9, 'Membawa alat komunikasi (HP), pemutar audio-visual (MP3 dll) selama KBM berlangsung', 'Pasal 2 ayat 6', '5', 'Disita dan dikembalikan pada saat pembagian raport'),
(10, 'Menerima tamu tanpa izin dari guru piket', 'Pasal 2 ayat 7', '1', 'Diperingatkan'),
(11, 'Melakukan aktivitas yang tidak berkaitan dengan materi pelajaran saat KBM berlangsung', 'Pasal 2 ayat 8', '1', 'Diperingatkan'),
(12, 'Terlambat', 'Pasal 3 ayat 1', '3', 'Diperingatkan'),
(13, 'Terlambat dan tidak izin ke guru piket', 'Pasal 3 ayat 2', '4', 'Diperingatkan'),
(14, 'Meninggalkan sekolah tanpa izin guru piket', 'Pasal 3 ayat 3', '3', 'Diperingatkan'),
(15, 'Tidak ada keterangan/alpa', 'Pasal 3 ayat 4, 5 & 6', '5', 'Diperingatkan'),
(16, 'Berada di luar sekolah pada waktu istirahat tanpa izin guru piket', 'Pasal 4 ayat 2', '2', 'Diperingatkan'),
(17, 'Tidak melaksanakan piket kebersihan di kelas', 'Pasal 5 ayat 1', '2', 'Diperingatkan'),
(18, 'Tidak membawa kelengkapan belajar', 'Pasal 5 ayat 2', '2', 'Diperingatkan'),
(19, 'Tidak mengerjakan dan menyelesaikan tugas/PR', 'Pasal 5 ayat 3', '2', 'Diperingatkan'),
(20, 'Memakai seragam tidak sesuai dengan ketentuan sekolah', 'Pasal 6 ayat 1, 2 & 3', '3', 'Diperingatkan'),
(21, 'Tidak memakai badge', 'Pasal 6 ayat 1', '1', 'Diperingatkan'),
(22, 'Tidak memakai dasi', 'Pasal 6 ayat 1', '1', 'Diperingatkan'),
(23, 'Tidak menggunakan legging dan dalaman jilbab (Putri)', 'Pasal 6 ayat 4', '2', 'Diperingatkan'),
(24, 'Tidak Memakai ikat pinggang', 'Pasal 6 ayat 5', '2', 'Diperingatkan'),
(25, 'Memakai ikat pinggang tapi tidak sesuai dengan ketentuan sekolah', 'Pasal 6 ayat 5', '2', 'Disita dan dikembalikan saat pulang sekolah'),
(26, 'Tidak memakai sepatu hitam', 'Pasal 6 ayat 6', '2', 'Disita dan dikembalikan saat pulang sekolah'),
(27, 'Tidak memakai kaos kaki dan tali sepatu putih sesuai ketentuan sekolah', 'Pasal 6 ayat 6', '1', 'Diperingatkan'),
(28, 'Tidak memakai seragam olahraga', 'Pasal 6 ayat 7', '2', 'Diperingatkan dan tidak ikut pelajaran olahraga'),
(29, 'Memakai jaket/sweater, rompi dan topi di sekolah', 'Pasal 6 ayat 9', '1', 'Disita dan dikembalikan saat pulang sekolah'),
(30, 'Memakai sandal pada saat KBM di kelas', 'Pasal 6 ayat 10', '1', 'Disita dan dikembalikan saat pulang sekolah'),
(31, 'Mewarnai rambut', 'Pasal 7 ayat 1', '2', 'Diperingatkan untuk dipotong/dikembalikan seperti warna semula'),
(32, 'Berkuku panjang', 'Pasal 7 ayat 2', '1', 'Diperintahkan memotong kukunya'),
(33, 'Memakai pewarna kuku (kutek)', 'Pasal 7 ayat 2', '1', 'Diperintahkan mengerik kukunya'),
(34, 'Memiliki tato (baik temporer maupun permanen)', 'Pasal 7 ayat 3', '50', 'Diperingatkan dan dipanggil orang tua untuk menghilangkan tatonya atau dikeluarkan dari sekolah'),
(35, 'Berambut panjang (putra)', 'Pasal 7 ayat 4', '2', 'Diperingatkan untuk memotong rambutnya'),
(36, 'Memakai perhiasan emas (putri)', 'Pasal 7 ayat 5', '1', 'Disita untuk diambil oleh orang tua'),
(37, 'Memakai perhiasan emas (putra)', 'Pasal 7 ayat 6', '1', 'Disita'),
(38, 'Menindik telinga, hidung, dan anggota tubuh yan lain (putra)', 'Pasal 7 ayat 7', '50', 'Diperingatkan dan dipanggil orang tua'),
(39, 'Menindik telinganya lebih dari satu, hidung, dan anggota tubuh yang lain (putri)', 'Pasal 7 ayat 7 &amp; 8', '50', 'Diperingatkan dan dipanggil orang tua'),
(40, 'Memakai softlens', 'Pasal 7 ayat 9', '1', 'Disita'),
(41, 'Memakai make up / berhias diri yang berlebihan', 'Pasal 7 ayat 10', '1', 'Diperingatkan dan diperintahkan untuk membersihkan'),
(42, 'Mencukur alis mata', 'Pasal 7 ayat 11', '2', 'Diperingatkan'),
(43, 'Meludah sembarangan', 'Pasal 8 ayat 2', '3', 'Diperingatkan'),
(44, 'Membuang sampah sembarangan', 'Pasal 8 ayat 2', '3', 'Diperingatkan dan diperintahkan mengambil serta memasukkan ke tempat sampah'),
(45, 'Tidak membawa pulang perlengkapan sekolah milik pribadi', 'Pasal 8 ayat 3', '1', 'Diperingatkan dan membawa pulang perlengkapan sekolah milik pribadi'),
(46, 'Merusak perangkat kebersihan kelas atau sekolah', 'Pasal 8 ayat 4', '2', 'Diperingatkan dan mengganti perangkat yang dirusak'),
(47, 'Merusak pohon sekolah', 'Pasal 8 ayat 5 ', '2', 'Diperingatkan dan mengganti pohon yang rusak'),
(48, 'Membuat kegaduhan di dalam / luar kelas saat KBM', 'Pasal 9 ayat 1', '2', 'Diperingatkan'),
(49, 'Membawa benda-benda yang tidak ada kaitannya dengan KBM', 'Pasal 9 ayat 2', '1', 'Disita dan dikembalikan saat pulang sekolah'),
(50, 'Mencorat-coret, merusak, atau menghilangkan sarana dan prasarana sekolah', 'Pasal 9 ayat 3', '10', 'Membersihkan atau mengganti sarana prasarana sekolah'),
(51, 'Tidak membawa perlengkapan salat', 'Pasal 10 ayat 1', '2', 'Diperingatkan'),
(52, 'Tidak melaksanakan salat Dhuha / Zuhur / Asar / ketiganya secara berjamaah di masjid sekolah ma', 'Pasal 10 ayat 2', '5', 'Diperingatkan'),
(53, 'Tidak berpuasa pada bulan Ramadhan', 'Pasal 10 ayat 4', '5', 'Diperingatkan'),
(54, 'Putri yang sedang tidak puasa makan dan minum di tempat terbuka', 'Pasal 10 ayat 4', '2', 'Diperingatkan'),
(55, 'Tidak mengikuti kegiatan peringatan hari besar nasional', 'Pasal 11 ayat 1', '2', 'Diperingatkan'),
(56, 'Tidak mengikuti kegiatan peringatan hari besar Islam', 'Pasal 11 ayat 2', '2', 'Diperingatkan'),
(57, 'Bersikap, berperilaku, dan bertutur kata tidak sopan kepada guru, karyawan, dan teman', 'Pasal 12 ayat 1 &amp; 7', '2', 'Diperingatkan'),
(58, 'Tidak mengucapkan salam kepada guru, karyawan, dan teman', 'Pasal 12 ayat 2', '1', 'Diperingatkan'),
(59, 'Berkomunikasi dengan sesama teman melalui jendela saat KBM berlangsung', 'Pasal 12 ayat 3', '1', 'Diperingatkan'),
(60, 'Mengadakan acara ulang tahun di sekolah', 'Pasal 12 ayat 4', '5', 'Diperingatkan'),
(61, 'Duduk di atas meja, duduk mengangkat kaki ke atas meja, berdiri di atas meja/kursi', 'Pasal 12 ayat 5', '2', 'Diperingatkan'),
(62, 'Berbicara dengan intonasi tinggi kepada teman, guru, dan karyawan', 'Pasal 12 ayat 6', '2', 'Diperingatkan'),
(63, 'Melompati pagar sekolah', 'Pasal 12 ayat 8', '10', 'Diperingatkan'),
(64, 'Memalsukan tanda tangan siapa  pun', 'Pasal 12 ayat 10', '50', 'Diperingatkan dan dipanggil orang tua untuk membuat surat perjanjian'),
(65, 'Memalsukan surat keterangan sakit atau surat izin', 'Pasal 12 ayat 11', '10', 'Diperingatkan'),
(66, 'Tidak memelihara atau menghilangkan dokumen akademis', 'Pasal 12 ayat 12', '50', 'Diperingatkan dan dipanggil orang tua untuk mengganti biaya pengadaan kembali'),
(67, 'Tidak mengikuti kegiatan evaluasi belajar', 'Pasal 12 ayat 13', '50', 'Diperingatkan dan dipanggil orang tua untuk membuat surat perjanjian'),
(68, 'Mengancam, melecehkan, atau melakukan tindakan asusila terhadap guru, karyawan, dan teman', 'Pasal 12 ayat 14', '50', 'Diperingatkan dan dipanggil orang tua untuk membuat surat perjanjian'),
(69, 'Tidak memarkir kendaran dengan baik', 'Pasa 12 ayat 15', '2', 'Diperingatkan'),
(70, 'Berkelahi di dalam sekolah', 'Pasal 17 ayat 2', '25', 'Diperingatkan (Peringatan keras!)'),
(71, 'Kendaraan menggunakan knalpot bising atau tidak sesuai dengan standardisasi pabrik', 'Pasal 12 ayat 16', '5', 'Diperingatkan dan diperintahkan untuk mengganti knalpot'),
(72, 'Tidak melaporkan adanya gejala/peristiwa: permusuhan, perkelahian, perusakan, pencemaran nama baik sekolah', 'Pasal 12 ayat 17', '10', 'Diperingatkan'),
(73, 'Melakukan pemerasan (memalak)', 'Pasal 12 ayat 20', '10', 'Diperingatkan dan mengembalikan'),
(74, 'Tidak langsung pulang / nongkrong setelah bel pulang dan mengikuti kegiatan di luar tanpa izin orang tua', 'Pasal 12 ayat 18 &amp; 19', '5', 'Diperingatkan'),
(75, 'Pacaran', 'Pasal 12 ayat 21', '25', 'Diperingatkan dan dipanggil orang tua (Peringatan keras!)'),
(76, 'Hamil atau menghamili', 'Pasal 12 ayat 22', '100', 'Dikeluarkan (Peringatan keras!)');

-- --------------------------------------------------------

--
-- Struktur dari tabel `poin_prestasi`
--

CREATE TABLE `poin_prestasi` (
  `id` int(11) NOT NULL,
  `kode` int(11) NOT NULL,
  `jenis_prestasi` varchar(250) NOT NULL,
  `warna_prestasi` varchar(250) NOT NULL
) ENGINE=InnoDB DEFAULT CHARSET=latin1;

--
-- Dumping data untuk tabel `poin_prestasi`
--

INSERT INTO `poin_prestasi` (`id`, `kode`, `jenis_prestasi`, `warna_prestasi`) VALUES
(1, 1, 'Prestasi akademik', 'bg-primary text-white'),
(2, 2, 'Prestasi non akademik', 'bg-success text-white'),
(3, 3, 'Kedisiplinan', 'bg-danger text-white'),
(4, 4, 'Keorganisasian', 'bg-info text-white');

-- --------------------------------------------------------

--
-- Struktur dari tabel `role`
--

CREATE TABLE `role` (
  `id` int(11) NOT NULL,
  `role_id` int(11) NOT NULL,
  `role` varchar(250) NOT NULL
) ENGINE=InnoDB DEFAULT CHARSET=latin1;

--
-- Dumping data untuk tabel `role`
--

INSERT INTO `role` (`id`, `role_id`, `role`) VALUES
(1, 1, 'admin'),
(2, 2, 'osis'),
(3, 3, 'orangtua'),
(4, 4, 'walikelas');

-- --------------------------------------------------------

--
-- Struktur dari tabel `sub_poin_prestasi`
--

CREATE TABLE `sub_poin_prestasi` (
  `id` int(11) NOT NULL,
  `kode_prestasi` varchar(250) NOT NULL,
  `sub_jenis_prestasi` varchar(250) NOT NULL,
  `poin` varchar(250) NOT NULL
) ENGINE=InnoDB DEFAULT CHARSET=latin1;

--
-- Dumping data untuk tabel `sub_poin_prestasi`
--

INSERT INTO `sub_poin_prestasi` (`id`, `kode_prestasi`, `sub_jenis_prestasi`, `poin`) VALUES
(1, '1', 'Prestasi akademik peringkat 1 - 3', '10'),
(2, '1', 'Peringkat akademik 4 - 10', '5'),
(3, '2', 'Tingkat sekolah', '5'),
(4, '2', 'Tingkat kecamatan', '5'),
(5, '2', 'Tingkat kota', '10'),
(6, '2', 'Tingkat nasional', '15'),
(7, '3', 'Selalu datang tepat waktu di sekolah selama 3 bulan berturut-turut', '10'),
(8, '3', 'Kehadiran 100% dalam waktu 1 semester', '10'),
(9, '3', 'Tidak pernah melanggar tata tertib selama 1 semester', '10'),
(10, '4', 'Aktif sebagai pengurus OSIS', '10'),
(11, '4', 'Aktif dalam ekstrakulikuler', '5'),
(12, '4', 'Aktif dalam kepanitiaan', '5');

-- --------------------------------------------------------

--
-- Struktur dari tabel `tbl_murid`
--

CREATE TABLE `tbl_murid` (
  `nisn_id` varchar(250) NOT NULL,
  `nama` varchar(250) NOT NULL,
  `kelas` int(11) NOT NULL COMMENT 'jika 4 "lulus"',
  `jurusan` int(11) NOT NULL,
  `jk` int(11) NOT NULL,
  `date` int(11) NOT NULL,
  `date_graduation` int(11) NOT NULL
) ENGINE=InnoDB DEFAULT CHARSET=latin1;

--
-- Dumping data untuk tabel `tbl_murid`
--

INSERT INTO `tbl_murid` (`nisn_id`, `nama`, `kelas`, `jurusan`, `jk`, `date`, `date_graduation`) VALUES
('1718100', 'IRA SUSANTI', 3, 2, 0, 1575867962, 0),
('171810001', 'ABI AMARULLOH', 3, 1, 1, 1574830930, 0),
('171810002', 'ADITYA CHAIRULLOH', 3, 1, 1, 1574830937, 0),
('171810003', 'AKMAL MAULUDDIN', 3, 1, 1, 1574830945, 0),
('1718100030', 'RIZQY SETYAWANTORO', 3, 1, 1, 1584328062, 0),
('171810004', 'ANGGA TRI WIDAYAT', 3, 1, 1, 1584326513, 0),
('171810005', 'ARMAN SETIAWAN', 3, 1, 1, 1574830975, 0),
('171810006', 'AYU FATINAH', 3, 1, 0, 1571979268, 0),
('171810007', 'BAGUS AJI PANGESTU', 3, 1, 1, 1574830984, 0),
('171810008', 'BUKHORI MUSLIM', 3, 1, 1, 1574831004, 0),
('171810009', 'DIKI WARDIMAN', 3, 1, 1, 1574831015, 0),
('171810010', 'DIVA APRILIAN PAMUNGKAS', 3, 1, 1, 1574831023, 0),
('171810011', 'DWI CAHYA DARMAWAN', 3, 1, 1, 1574831035, 0),
('171810012', 'FADILAH HERMALIA', 3, 1, 0, 1580188409, 0),
('171810013', 'FAHREZI ZAINUL FARHAN', 3, 1, 1, 1574831045, 0),
('171810014', 'GUNAWAN', 3, 1, 1, 1575868199, 0),
('171810015', 'HAFIZH SYAIRUL', 3, 1, 1, 1575868207, 0),
('171810016', 'IQFAN BAYU FEBRIYANSYAH', 3, 1, 1, 1575868215, 0),
('171810018', 'JULIO KORNIP', 3, 1, 1, 1575868222, 0),
('171810019', 'MARGIANSAH', 3, 1, 1, 1575868228, 0),
('171810020', 'MIFTAHUL KHOERIYAH', 3, 1, 0, 1571979543, 0),
('171810021', 'MUHAMAD RAIHAN OWEN', 3, 1, 1, 1575868246, 0),
('171810022', 'MUHAMAD RIVANINO', 3, 1, 1, 1575868253, 0),
('171810023', 'MUHAMMAD AZHARI', 3, 1, 1, 1575868273, 0),
('171810024', 'MUHAMMAD ZALUANSYAH', 3, 1, 1, 1575868279, 0),
('171810025', 'RAFLI KURNIAWAN', 3, 1, 1, 1576472726, 0),
('171810026', 'RAJIP MALIK', 3, 1, 1, 1576472733, 0),
('171810027', 'RAKA ADITYA PUTRA', 3, 1, 1, 1576472741, 0),
('171810028', 'REVIL PUTRA PRATAMA', 3, 1, 1, 1576472750, 0),
('171810031', 'SADDAM AL KAREL', 3, 1, 1, 1584324941, 0),
('171810032', 'SELA APRIANI', 3, 1, 0, 1574996542, 0),
('171810033', 'SITI ROHMAH', 3, 1, 0, 1578958860, 0),
('171810034', 'SYADAM ULIL AZMI', 3, 1, 1, 1574995161, 0),
('171810035', 'SYAMIL BASAYEV', 3, 1, 1, 1574995771, 0),
('171810036', 'ZILZIAN TEDY FIRMANSYAH', 3, 1, 1, 1584326485, 0),
('171810037', 'AMELIA SEPTIA NINGSIH ', 3, 2, 0, 1571017143, 0),
('171810038', 'ANNISA WIDYA FITRIYANA', 3, 2, 0, 1571017169, 0),
('171810040', 'CINDY WINDA TRIANA', 3, 2, 0, 1574610243, 0),
('171810041', 'DEWI WULANSARI', 3, 2, 0, 1571017300, 0),
('171810042', 'DIANI MAALIA', 3, 2, 0, 1571017329, 0),
('171810043', 'ERIKA APRILIA', 3, 2, 0, 1571017357, 0),
('171810044', 'FAJRINA', 3, 2, 0, 1571017388, 0),
('171810045', 'FARHAN RAMADHAN', 3, 2, 1, 1576472767, 0),
('171810046', 'FIKRI RIANDI', 3, 2, 1, 1576472774, 0),
('171810047', 'FITRI AULIA DWIYANTI', 3, 2, 0, 1571017481, 0),
('171810048', 'HANI KHOIRUNISA', 3, 2, 0, 1571017511, 0),
('171810049', 'IRFAN ZIDNY ABDULLAH', 3, 2, 1, 1576472790, 0),
('171810050', 'KURNIA NUR UTAMI', 3, 2, 0, 1571032300, 0),
('171810051', 'LISA YANI', 3, 2, 0, 1571032320, 0),
('171810052', 'MELLANI DEVITA PUTRI', 3, 2, 0, 1571032381, 0),
('171810054', 'MUHAMMAD FARHAN', 3, 2, 1, 1576472800, 0),
('171810055', 'MUHAMMAD IQBAL ANDIKA', 3, 2, 1, 1576472806, 0),
('171810057', 'PUTRI RAHMADINI', 3, 2, 0, 1571032658, 0),
('171810058', 'RANI INKA FEBRIANI', 3, 2, 0, 1571032680, 0),
('171810059', 'RENANDA SEFIA PUTRI', 3, 2, 0, 1571032711, 0),
('171810060', 'RESTI HERMAWATI', 3, 2, 0, 1571032734, 0),
('171810061', 'RIVKI WAHYU SAPUTRA', 3, 2, 1, 1576472828, 0),
('171810062', 'RIZKIAH NURFITRIANI', 3, 2, 0, 1571032808, 0),
('171810063', 'SEPHIA CAHYA YUNIANTI', 3, 2, 0, 1571032834, 0),
('171810064', 'SINTIANA RAHMAN', 3, 2, 0, 1571032857, 0),
('171810065', 'SISKA', 3, 2, 0, 1571032872, 0),
('171810066', 'SITI HAJAR', 3, 2, 0, 1571032897, 0),
('171810067', 'SITI LESTARI', 3, 2, 0, 1571032938, 0),
('171810069', 'VINA NURALIFIA', 3, 2, 0, 1576124417, 0),
('171810073', 'YUNIAR DARYATUL AZIZAH', 3, 2, 0, 1574745526, 0),
('171810074', 'AGIS SERVINA PUTRI', 3, 3, 0, 1574896545, 0),
('171810075', 'ALVIN ALVIYAN', 3, 3, 1, 1574822310, 0),
('171810076', 'ALLIANA PRANITA DEWI', 3, 3, 0, 1574822069, 0),
('171810077', 'AN-DINI PUTRI SINA', 3, 3, 0, 1574658824, 0),
('171810078', 'CARINA STEVIA', 3, 3, 0, 1574822373, 0),
('171810080', 'DESTIANA SAFITRI', 3, 3, 0, 1574822397, 0),
('171810081', 'DINDA LESTARI', 3, 3, 0, 1574822420, 0),
('171810083', 'EVITA EKAWANTI MULYANA', 3, 3, 0, 1574822452, 0),
('171810084', 'FAKHRI ZAINUL FARHAN', 3, 3, 1, 1576472844, 0),
('171810085', 'INDAH TSANIA MAULANI', 3, 3, 0, 1574822529, 0),
('171810086', 'INDI AL\'FANI', 3, 3, 0, 1574822555, 0),
('171810087', 'INDRI YANI', 3, 3, 0, 1574822577, 0),
('171810088', 'INDY DWI NINGTYAS', 3, 3, 0, 1574822600, 0),
('171810089', 'LUTFI NISA FADILAH', 3, 3, 0, 1574822622, 0),
('171810090', 'MAULIDA SURYANI', 3, 3, 0, 1574658848, 0),
('171810091', 'MUTIARA INSANI', 3, 3, 0, 1574822670, 0),
('171810092', 'NABILAH PUTRI ALIFAH', 3, 3, 0, 1574822693, 0),
('171810094', 'NOVIA RAHMADANI', 3, 3, 0, 1574822716, 0),
('171810096', 'NURJANNAH DWI ASTUTI', 3, 3, 0, 1574658871, 0),
('171810097', 'PUJI AYU LESTARI', 3, 3, 0, 1574658892, 0),
('171810098', 'RENDY SANDRIA HARFAN PUTRA', 3, 3, 1, 1574822774, 0),
('171810099', 'REZA SIHFANIA', 3, 3, 0, 1574658935, 0),
('171810100', 'SALMAN ALFARIJI', 3, 3, 1, 1574822801, 0),
('171810102', 'SELFINA PRATIWI', 3, 3, 0, 1574822825, 0),
('171810103', 'SERLINA WIDIYANTI', 3, 3, 0, 1574658915, 0),
('171810104', 'SITI MARWAH SULISTIANI', 3, 3, 0, 1574658757, 0),
('171810106', 'SYINE ARTATI PUTRI', 3, 3, 0, 1574822934, 0),
('171810107', 'WANDA ANDINA RAMDIANI ', 3, 3, 0, 1574822956, 0),
('171810108', 'WIDIYA AYU MEYLINDA', 3, 3, 0, 1574822980, 0),
('171810109', 'ABDUL WAHIDUL KHOIR', 3, 1, 1, 1574996711, 0),
('171810110', 'MUHAMMAD KAHFI APRILIANSAH', 3, 2, 1, 1576559072, 0),
('171810112', 'DESTIANA AMALIAH PUTRI', 3, 2, 0, 1571017245, 0),
('181910001', 'ABDI SETIAWAN', 2, 1, 1, 1576559081, 0),
('181910002', 'ABIM MANZIS', 2, 1, 1, 1576559088, 0),
('181910003', 'ADITYA FIQRI FIRDAUS', 2, 1, 1, 1576559094, 0),
('181910005', 'ALFINA ADELAH', 2, 1, 0, 1571978543, 0),
('181910006', 'ARBY RAUL AKBAR', 2, 1, 1, 1576559107, 0),
('181910007', 'BAGAS MAHARDIKA', 2, 1, 1, 1576559115, 0),
('181910008', 'BIKRAM ZUFAR ZUHDI', 2, 1, 1, 1576559121, 0),
('181910009', 'DIAH AYU WIDIYANTI', 2, 1, 0, 1571978622, 0),
('181910010', 'DIMAS PUTRA RAMADHAN', 2, 1, 1, 1576559129, 0),
('181910011', 'FADILAH ALFIANTIKA', 2, 1, 0, 1571978669, 0),
('181910014', 'HABIL JIBRAN ALHAERI', 2, 1, 1, 1576559136, 0),
('181910015', 'HILMAN HAKIM', 2, 1, 1, 1576559143, 0),
('181910016', 'IBNU RIZKY KURNIAWAN', 2, 1, 1, 1576559149, 0),
('181910017', 'ILMAN AGIL SYIHAB', 2, 1, 1, 1576559155, 0),
('181910020', 'MARCELIO AIMAR MAULANA', 2, 1, 1, 1576559161, 0),
('181910022', 'MUHAMAD ANDRI', 2, 1, 1, 1576559169, 0),
('181910023', 'MUHAMAD ILHAM FAHROZI', 2, 1, 1, 1574908596, 0),
('181910026', 'MUHAMMAD INDRAWAN', 2, 1, 1, 1576559177, 0),
('181910027', 'MUHAMMAD KAMAL', 2, 1, 1, 1576559182, 0),
('181910029', 'NUR CAHYO DARMAWAN', 2, 1, 1, 1576559188, 0),
('181910030', 'PRASETYO WAHYU PANGESTU', 2, 1, 1, 1576559200, 0),
('181910031', 'RAEYHAN JUMA FAUZAN', 2, 1, 1, 1576559206, 0),
('181910032', 'SAPUTRA PRATAMA', 2, 1, 1, 1576559212, 0),
('181910034', 'WAHYU SETIAWAN', 2, 1, 1, 1576559268, 0),
('181910035', 'WILDAN FIRDAUS', 2, 1, 1, 1576559274, 0),
('181910036', 'YUSRIL ASSGAF PRASTYA', 2, 1, 1, 1576559280, 0),
('181910037', 'YUSUF FADHLI ARDIYANSYAH', 2, 1, 1, 1576559286, 0),
('181910038', 'ADRA AZZAHRA', 2, 2, 0, 1571975043, 0),
('181910039', 'ANISA BRILIANA', 2, 2, 0, 1571975070, 0),
('181910040', 'DWI OKTAFIYANI', 2, 2, 0, 1571975172, 0),
('181910041', 'EKA APRILIA', 2, 2, 0, 1571975189, 0),
('181910042', 'EVA NURHIDAYAH', 2, 2, 0, 1571977864, 0),
('181910043', 'HANI ANGRRAINI', 2, 2, 0, 1571977891, 0),
('181910044', 'INAYATUL QUDSIYAH', 2, 2, 0, 1584327209, 0),
('181910045', 'MALLIKA SHINTA AZ-ZAHRA', 2, 2, 0, 1584327061, 0),
('181910046', 'NURHANIFAH', 2, 2, 0, 1571978056, 0),
('181910047', 'RAHMAD SEPFIYANTO', 2, 2, 1, 1584325381, 0),
('181910048', 'SILVIA MELANI OKTAVIA', 2, 2, 0, 1571978232, 0),
('181910049', 'SITI AFIFAH MURSALI', 2, 2, 0, 1571978256, 0),
('181910050', 'SITI ZAHRATUL JANNAH', 2, 2, 0, 1571978274, 0),
('181910051', 'WIDIA CITRA LESTARI', 2, 2, 0, 1571978299, 0),
('181910052', 'ADINDA EKA PUTRI', 2, 3, 0, 1571923982, 0),
('181910053', 'AGUS AZHARI', 2, 3, 1, 1574655583, 0),
('181910054', 'AHMAD FIKRI', 2, 3, 1, 1574655603, 0),
('181910055', 'AJENG ARTHA MAYFIA', 2, 3, 0, 1571924970, 0),
('181910057', 'AMANDA SILVIA', 2, 3, 0, 1571888346, 0),
('181910058', 'ANNAJWA NUR FATIYA', 2, 3, 0, 1571974638, 0),
('181910060', 'AYU AGUSTIN', 2, 3, 0, 1571887263, 0),
('181910061', 'BAGAS SULISTYO', 2, 3, 1, 1574655619, 0),
('181910062', 'DELA FITRIANI', 2, 3, 0, 1571974672, 0),
('181910063', 'DENI SETIYO', 2, 3, 1, 1574655637, 0),
('181910064', 'ELISTIANI', 2, 3, 0, 1571974715, 0),
('181910065', 'FATIA ALLICA ZAHRA', 2, 3, 0, 1571974743, 0),
('181910066', 'INDAH DWI LESTARI', 2, 3, 0, 1571974773, 0),
('181910067', 'IRA YANTI', 2, 3, 0, 1571887454, 0),
('181910068', 'KAMAL ALI SYAHDANA', 2, 3, 1, 1574655677, 0),
('181910069', 'KOMALASARI', 2, 3, 0, 1571974799, 0),
('181910070', 'LELA', 2, 3, 0, 1571887202, 0),
('181910071', 'MIA ANGGRAINI', 2, 3, 0, 1571974836, 0),
('181910072', 'MUHAMAD RINDRA ALPIAN', 2, 3, 1, 1574655697, 0),
('181910073', 'NITA NUR AFNI', 2, 3, 0, 1571887046, 0),
('181910075', 'NUR AZIZAH', 2, 3, 0, 1571923369, 0),
('181910076', 'NURUL AISYAH', 2, 3, 0, 1571974860, 0),
('181910077', 'NURUL KHOTIMAH', 2, 3, 0, 1571974880, 0),
('181910078', 'PUJI RAHAYU', 2, 3, 0, 1571924395, 0),
('181910079', 'PUTRI UTAMI', 2, 3, 0, 1571923450, 0),
('181910080', 'RATNA PRAMUDITA', 2, 3, 0, 1571974943, 0),
('181910081', 'SALSABILA SYAFRINA', 2, 3, 0, 1571923556, 0),
('181910082', 'SITI SILPIA ADELIANA', 2, 3, 0, 1571923690, 0),
('181910083', 'UMMU ATIYAH', 2, 3, 0, 1571886971, 0),
('181910084', 'WANDA FRISILIA FAUZIAH', 2, 3, 0, 1571923765, 0),
('181910087', 'IKBAL MAULANA', 2, 2, 1, 1579846761, 0),
('181910088', 'MANDA PUTRI HERYANI', 2, 2, 0, 1571978340, 0),
('181919', 'Deden Ardiansyah', 2, 1, 1, 1584065177, 0),
('18192020', 'M.Ridwan Khalisa', 2, 1, 1, 1584065262, 0),
('19200066', 'RAFI ABYAN AFIF', 1, 1, 1, 1575077554, 0),
('19201000', 'SYNTA AMELIA', 1, 2, 0, 1575868448, 0),
('192010000', 'WITA AFRILIA', 1, 3, 0, 1575868502, 0),
('192010001', 'ABI PANCA MAULANA', 1, 1, 1, 1578978501, 0),
('192010002', 'ADRYANTA TARIGAN', 1, 1, 1, 1578978511, 0),
('192010003', 'ALDI ILHAM YANUARI', 1, 1, 1, 1578978522, 0),
('192010004', 'DIKI MAULANA', 1, 1, 1, 1578978536, 0),
('192010005', 'DIYO ZIDAN CHAIRULUKAS', 1, 1, 1, 1579064976, 0),
('192010006', 'ESTA TRIANA', 1, 1, 0, 1571922220, 0),
('192010007', 'FARIDATUL HASANAH', 1, 3, 0, 1574991965, 0),
('192010008', 'FITRAH KHAIRUL KAHFI', 1, 1, 0, 1574991865, 0),
('192010009', 'JON VITO MUHAMADI', 1, 1, 0, 1571922307, 0),
('192010010', 'MU\'AMMAR HUSSEIN', 1, 1, 0, 1571922339, 0),
('192010011', 'MUHAMAD AZAM CHASANI', 1, 1, 1, 1579064861, 0),
('192010012', 'MUHAMMAD FAKHRI HUSAINI', 1, 1, 1, 1579064870, 0),
('192010013', 'MUHAMMAD NICKO ZAIDAN', 1, 1, 1, 1579064880, 0),
('192010014', 'MUHAMMAD RIZKY RAMADHAN', 1, 1, 1, 1579064900, 0),
('192010015', 'PRASETYO DWI UTOMO', 1, 1, 1, 1579064911, 0),
('192010016', 'RAGIL SYAHDAM TRI SUTOPO', 1, 1, 1, 1579064922, 0),
('192010017', 'RAMA SAPUTRA', 1, 1, 1, 1579064932, 0),
('192010018', 'RIDHO CAHYA ATRYA', 1, 1, 1, 1579064948, 0),
('192010019', 'RIZKY PRAHASTIA', 1, 1, 1, 1584412480, 0),
('192010020', 'SILVIA SANUSIH', 1, 1, 0, 1571922721, 0),
('192010021', 'SYAHDEP ZUHDI', 1, 1, 1, 1579064805, 0),
('192010022', 'WELLY BUDIMAN', 1, 1, 1, 1579064814, 0),
('192010023', 'ADINDA DWI PANGESTIKA', 1, 2, 0, 1571925862, 0),
('192010024', 'ANANTA PASYA OCTAVIANI', 1, 2, 0, 1571925884, 0),
('192010025', 'ANGGITA TRI RAHAYU', 1, 2, 0, 1571925906, 0),
('192010026', 'ANIK INDRA PUTRI', 1, 2, 0, 1571925932, 0),
('192010027', 'CHINTIA AMALIAH', 1, 2, 0, 1571925952, 0),
('192010028', 'DIAN', 1, 2, 0, 1571925964, 0),
('192010029', 'ELFIRA NASHWA NATANIA', 1, 2, 0, 1571925988, 0),
('192010030', 'FAZRI DRYAN TAMA', 1, 2, 1, 1583988391, 0),
('192010031', 'HANI RAMDIANA', 1, 2, 0, 1571926066, 0),
('192010032', 'NINA SILVIANA', 1, 2, 0, 1571926086, 0),
('192010033', 'PUTRIA WILDANUM', 1, 2, 0, 1571926108, 0),
('192010034', 'RIFKAH ALISA WINRI', 1, 2, 0, 1571926131, 0),
('192010035', 'ROHMAT ARIF ABDULLAH', 1, 2, 1, 1583988406, 0),
('192010036', 'SITI FATIMAH SAFARIDA', 1, 2, 0, 1571926178, 0),
('192010037', 'SUKMA MAULANA', 1, 2, 1, 1584327244, 0),
('192010038', 'SYIFA WINDA ANINDYA', 1, 2, 0, 1571926218, 0),
('192010039', 'VINA SALSABILA', 1, 2, 0, 1571926239, 0),
('192010040', 'EKO WAHYUDI', 1, 2, 1, 1583988420, 0),
('192010041', 'ADILLIA ARDANI JATI', 1, 3, 0, 1571926333, 0),
('192010042', 'AMELIA RAMADHAN', 1, 3, 0, 1571926355, 0),
('192010043', 'AYU AOLIA', 1, 3, 0, 1571926370, 0),
('192010044', 'AYU DINDA MAHARANI', 1, 3, 0, 1571926386, 0),
('192010045', 'CHANDA PUTRI AMELIA', 1, 3, 0, 1571926410, 0),
('192010046', 'DEA AMALIA', 1, 3, 0, 1571926431, 0),
('192010047', 'ELSA ALIYA RAHMA', 1, 3, 0, 1571926452, 0),
('192010048', 'KEYSHA OLIVIA', 1, 3, 0, 1571926472, 0),
('192010049', 'MASITOH TOYIBEH', 1, 3, 0, 1571926490, 0),
('192010050', 'MASRIFAH CHANDRA KASIH', 1, 3, 0, 1571926514, 0),
('192010051', 'MELISA ANANDA', 1, 3, 0, 1571926536, 0),
('192010052', 'MELY YANTI', 1, 3, 0, 1579826464, 0),
('192010053', 'MUTIARA NOVIANTI', 1, 3, 0, 1571926608, 0),
('192010054', 'NIKEN DEWI ANDINI', 1, 3, 0, 1571926626, 0),
('192010055', 'NILAM SARI', 1, 3, 0, 1571926642, 0),
('192010056', 'PUTRI ANASTHASYA', 1, 3, 0, 1571926678, 0),
('192010057', 'PUTRI APRILIA', 1, 3, 0, 1571926702, 0),
('192010058', 'RABIAH ALDAWIYAH', 1, 3, 0, 1571926729, 0),
('192010059', 'RAFI RAIHAN', 1, 3, 1, 1574822958, 0),
('192010060', 'RAHADIAH SULAEMAN', 1, 3, 0, 1571926770, 0),
('192010061', 'SALWA KHAIRUNNISA', 1, 3, 0, 1571926794, 0),
('192010062', 'SELVY MUSTI', 1, 3, 0, 1571926821, 0),
('192010063', 'SEPTY RENGGANIS', 1, 3, 0, 1571926843, 0),
('192010064', 'SYIFA WAHYU LESTARI', 1, 3, 0, 1571926865, 0),
('192010065', 'UTAMI HIJRIAH', 1, 3, 0, 1571926889, 0),
('270018171', 'YOGI SULAEMAN', 3, 2, 1, 1576124531, 0);

-- --------------------------------------------------------

--
-- Struktur dari tabel `tbl_murid_poin`
--

CREATE TABLE `tbl_murid_poin` (
  `id` int(11) NOT NULL,
  `nisn_id` varchar(250) NOT NULL,
  `poin_id` int(11) NOT NULL,
  `date` date NOT NULL,
  `kelas` int(11) NOT NULL
) ENGINE=InnoDB DEFAULT CHARSET=latin1;

--
-- Dumping data untuk tabel `tbl_murid_poin`
--

INSERT INTO `tbl_murid_poin` (`id`, `nisn_id`, `poin_id`, `date`, `kelas`) VALUES
(73, '171810110', 35, '2019-08-21', 3),
(74, '171810047', 27, '2019-08-01', 3),
(75, '171810049', 12, '2019-08-06', 3),
(76, '171810049', 12, '2019-08-13', 3),
(77, '181910083', 12, '2019-09-30', 2),
(78, '181910073', 12, '2019-10-01', 2),
(79, '181910054', 27, '2019-10-02', 2),
(80, '181910070', 12, '2019-10-03', 2),
(81, '181910060', 23, '2019-10-04', 2),
(82, '181910060', 12, '2019-10-07', 2),
(83, '181910070', 12, '2019-10-07', 2),
(84, '181910068', 26, '2019-10-07', 2),
(85, '181910067', 12, '2019-10-15', 2),
(86, '171810037', 7, '2019-10-15', 3),
(87, '181910070', 12, '2019-10-17', 2),
(88, '181910072', 12, '2019-10-17', 2),
(89, '181910060', 12, '2019-10-21', 2),
(90, '181910057', 32, '2019-10-15', 2),
(91, '181910075', 15, '2019-08-13', 2),
(92, '181910075', 15, '2019-08-14', 2),
(93, '181910079', 23, '2019-08-01', 2),
(94, '181910081', 15, '2019-08-02', 2),
(95, '181910081', 12, '2019-07-30', 2),
(96, '181910081', 32, '2019-09-17', 2),
(97, '181910082', 18, '2019-07-24', 2),
(98, '181910084', 15, '2019-08-30', 2),
(99, '181910084', 12, '2019-08-08', 2),
(100, '181910084', 15, '2019-08-05', 2),
(101, '181910061', 27, '2019-09-23', 2),
(102, '181910061', 15, '2019-09-10', 2),
(104, '181910052', 12, '2019-08-06', 2),
(106, '181910072', 15, '2019-07-16', 2),
(107, '181910072', 12, '2019-09-19', 2),
(108, '181910072', 12, '2019-08-06', 2),
(109, '181910072', 15, '2019-07-17', 2),
(110, '181910072', 12, '2019-08-14', 2),
(111, '181910073', 15, '2019-07-16', 2),
(112, '181910073', 15, '2019-07-17', 2),
(113, '181910073', 12, '2019-09-17', 2),
(114, '181910073', 12, '2019-07-22', 2),
(115, '181910073', 12, '2019-07-30', 2),
(116, '181910073', 12, '2019-07-23', 2),
(117, '181910078', 15, '2019-07-16', 2),
(118, '181910078', 15, '2019-08-28', 2),
(119, '181910078', 15, '2019-08-19', 2),
(120, '181910078', 15, '2019-08-30', 2),
(121, '181910078', 18, '2019-07-24', 2),
(122, '181910078', 15, '2019-07-22', 2),
(123, '181910060', 23, '2019-09-19', 2),
(124, '181910060', 8, '2019-08-26', 2),
(125, '181910060', 15, '2019-07-16', 2),
(126, '181910060', 23, '2019-08-01', 2),
(127, '181910060', 12, '2019-09-19', 2),
(128, '181910055', 27, '2019-08-27', 2),
(129, '181910055', 12, '2019-09-02', 2),
(130, '181910055', 8, '2019-08-26', 2),
(131, '181910055', 12, '2019-09-09', 2),
(132, '181910055', 27, '2019-08-01', 2),
(133, '181910055', 12, '2019-09-19', 2),
(134, '181910083', 12, '2019-09-16', 2),
(135, '181910068', 15, '2019-08-19', 2),
(136, '181910068', 12, '2019-08-30', 2),
(137, '181910068', 12, '2019-09-19', 2),
(138, '181910068', 27, '2019-07-17', 2),
(139, '181910070', 27, '2019-08-01', 2),
(140, '181910039', 12, '2019-10-21', 2),
(141, '181910039', 32, '2019-10-01', 2),
(142, '181910042', 32, '2019-10-01', 2),
(143, '181910048', 12, '2019-10-17', 2),
(144, '181910081', 15, '2019-09-30', 2),
(145, '181910065', 15, '2019-10-24', 2),
(146, '181910058', 15, '2019-10-24', 2),
(147, '181910068', 15, '2019-10-02', 2),
(148, '181910075', 15, '2019-10-04', 2),
(149, '181910078', 15, '2019-10-02', 2),
(150, '181910078', 15, '2019-10-07', 2),
(151, '181910078', 15, '2019-10-10', 2),
(152, '181910078', 15, '2019-10-11', 2),
(153, '181910078', 15, '2019-10-14', 2),
(155, '192010008', 22, '2019-09-19', 1),
(156, '192010022', 15, '2019-07-17', 1),
(157, '192010005', 24, '2019-09-17', 1),
(158, '192010004', 15, '2019-09-04', 1),
(159, '192010009', 26, '2019-09-28', 1),
(160, '192010011', 26, '2019-07-23', 1),
(161, '192010011', 25, '2019-07-23', 1),
(162, '192010019', 26, '2019-07-23', 1),
(163, '192010020', 12, '2019-09-03', 1),
(165, '192010020', 15, '2019-10-24', 1),
(166, '192010020', 12, '2019-08-01', 1),
(167, '192010020', 22, '2019-09-17', 1),
(168, '192010020', 12, '2019-10-17', 1),
(169, '192010020', 12, '2019-09-11', 1),
(170, '192010020', 12, '2019-08-09', 1),
(171, '192010020', 15, '2019-09-05', 1),
(172, '192010020', 9, '2019-09-07', 1),
(173, '192010020', 15, '2019-10-15', 1),
(174, '192010020', 15, '2019-10-21', 1),
(175, '192010020', 12, '2019-10-11', 1),
(176, '192010020', 12, '2019-09-09', 1),
(177, '192010020', 15, '2019-10-03', 1),
(178, '192010020', 12, '2019-10-14', 1),
(179, '192010020', 15, '2019-10-10', 1),
(180, '192010020', 12, '2019-08-19', 1),
(181, '192010020', 15, '2019-10-23', 1),
(182, '192010020', 15, '2019-10-01', 1),
(183, '192010020', 15, '2019-09-19', 1),
(184, '192010020', 15, '2019-10-25', 1),
(185, '192010020', 32, '2019-08-27', 1),
(186, '192010007', 15, '2019-10-14', 1),
(187, '192010007', 15, '2019-10-15', 1),
(188, '192010007', 70, '2019-10-22', 1),
(189, '192010007', 15, '2019-10-21', 1),
(190, '192010007', 15, '2019-10-07', 1),
(191, '192010007', 15, '2019-10-23', 1),
(192, '192010007', 15, '2019-10-11', 1),
(193, '192010007', 12, '2019-09-10', 1),
(194, '192010007', 15, '2019-10-24', 1),
(196, '192010007', 15, '2019-10-02', 1),
(197, '192010007', 15, '2019-10-25', 1),
(198, '192010007', 15, '2019-10-16', 1),
(199, '192010007', 15, '2019-10-17', 1),
(200, '192010007', 12, '2019-09-16', 1),
(201, '192010013', 26, '2019-07-23', 1),
(202, '192010010', 12, '2019-08-09', 1),
(203, '192010010', 20, '2019-08-02', 1),
(204, '192010021', 26, '2019-07-23', 1),
(205, '192010006', 26, '2019-07-23', 1),
(206, '192010002', 26, '2019-07-23', 1),
(207, '192010017', 27, '2019-07-27', 1),
(208, '192010017', 26, '2019-07-23', 1),
(209, '192010016', 26, '2019-07-23', 1),
(210, '192010037', 26, '2019-10-07', 1),
(212, '192010039', 23, '2019-08-22', 1),
(213, '192010039', 32, '2019-08-27', 1),
(214, '192010039', 12, '2019-09-09', 1),
(215, '192010039', 12, '2019-09-05', 1),
(216, '192010023', 15, '2019-08-05', 1),
(217, '192010023', 11, '2019-10-22', 1),
(218, '192010031', 32, '2019-08-08', 1),
(219, '192010031', 23, '2019-08-01', 1),
(220, '192010034', 15, '2019-08-05', 1),
(221, '192010034', 11, '2019-10-22', 1),
(222, '192010034', 32, '2019-08-08', 1),
(223, '192010034', 22, '2019-09-17', 1),
(226, '192010029', 24, '2019-10-21', 1),
(227, '192010030', 20, '2019-10-03', 1),
(228, '192010030', 12, '2019-10-21', 1),
(229, '192010030', 12, '2019-09-19', 1),
(230, '192010030', 21, '2019-08-30', 1),
(231, '192010030', 12, '2019-10-24', 1),
(232, '192010030', 12, '2019-10-03', 1),
(233, '192010024', 15, '2019-08-01', 1),
(234, '192010024', 32, '2019-10-21', 1),
(235, '192010024', 12, '2019-09-09', 1),
(236, '192010040', 15, '2019-10-04', 1),
(237, '192010040', 12, '2019-08-06', 1),
(238, '192010040', 27, '2019-08-01', 1),
(239, '192010040', 27, '2019-08-27', 1),
(240, '192010040', 12, '2019-08-13', 1),
(241, '192010040', 18, '2019-07-24', 1),
(242, '171810046', 25, '2019-11-04', 3),
(244, '181910055', 12, '2019-10-29', 2),
(245, '181910070', 12, '2019-10-30', 2),
(246, '181910070', 27, '2019-10-30', 2),
(247, '181910055', 12, '2019-10-31', 2),
(248, '181910072', 12, '2019-11-11', 2),
(249, '181910052', 27, '2019-11-19', 2),
(250, '181910068', 24, '2019-11-19', 2),
(251, '181910063', 27, '2019-11-19', 2),
(252, '181910068', 24, '2019-11-21', 2),
(253, '181910053', 12, '2019-11-25', 2),
(254, '181910072', 12, '2019-11-25', 2),
(255, '181910055', 12, '2019-11-26', 2),
(256, '181910084', 32, '2019-11-26', 2),
(257, '181910065', 32, '2019-11-26', 2),
(258, '181910081', 32, '2019-11-26', 2),
(259, '181910079', 32, '2019-11-26', 2),
(260, '181910069', 32, '2019-11-26', 2),
(261, '192010039', 18, '2019-09-19', 1),
(262, '192010029', 15, '2019-07-24', 1),
(263, '192010029', 22, '2019-09-17', 1),
(266, '192010051', 15, '2019-10-10', 1),
(267, '192010051', 12, '2019-08-06', 1),
(268, '192010051', 12, '2019-07-29', 1),
(269, '192010051', 12, '2019-09-17', 1),
(272, '192010060', 15, '2019-08-05', 1),
(274, '192010060', 26, '2019-10-17', 1),
(275, '192010060', 20, '2019-10-10', 1),
(276, '192010060', 12, '2019-09-19', 1),
(277, '192010060', 12, '2019-09-05', 1),
(278, '192010060', 12, '2019-09-02', 1),
(279, '192010060', 12, '2019-09-11', 1),
(280, '192010063', 12, '2019-10-24', 1),
(281, '192010063', 12, '2019-07-30', 1),
(282, '192010063', 12, '2019-09-16', 1),
(283, '192010063', 12, '2019-10-07', 1),
(284, '192010063', 12, '2019-10-03', 1),
(285, '192010063', 12, '2019-08-06', 1),
(286, '192010063', 15, '2019-10-23', 1),
(287, '192010042', 15, '2019-10-16', 1),
(288, '192010050', 12, '2019-07-30', 1),
(289, '192010065', 18, '2019-08-01', 1),
(302, '192010045', 18, '2019-08-01', 1),
(303, '192010044', 18, '2019-08-01', 1),
(304, '192010043', 23, '2019-08-08', 1),
(305, '192010043', 23, '2019-08-27', 1),
(306, '192010043', 18, '2019-08-01', 1),
(307, '192010064', 18, '2019-08-01', 1),
(308, '192010048', 18, '2019-07-31', 1),
(309, '192010056', 27, '2019-09-17', 1),
(310, '192010056', 23, '2019-10-04', 1),
(311, '192010056', 27, '2019-09-23', 1),
(312, '192010046', 18, '2019-07-31', 1),
(322, '192010059', 15, '2019-09-16', 1),
(323, '171810092', 32, '2019-10-21', 3),
(324, '171810089', 32, '2019-10-21', 3),
(325, '171810075', 24, '2019-10-24', 3),
(326, '171810076', 12, '2019-11-06', 3),
(327, '171810092', 23, '2019-11-08', 3),
(328, '171810098', 12, '2019-11-11', 3),
(329, '171810075', 12, '2019-11-11', 3),
(330, '171810098', 12, '2019-11-14', 3),
(331, '171810107', 27, '2019-11-19', 3),
(332, '181910087', 15, '2019-08-05', 2),
(333, '181910044', 32, '2019-08-08', 2),
(334, '181910048', 32, '2019-10-01', 2),
(346, '192010059', 32, '2019-10-15', 1),
(347, '192010059', 22, '2019-08-06', 1),
(348, '192010059', 12, '2019-09-04', 1),
(349, '192010059', 18, '2019-08-01', 1),
(350, '192010059', 12, '2019-10-17', 1),
(351, '192010059', 15, '2019-10-24', 1),
(352, '192010059', 15, '2019-09-09', 1),
(353, '192010059', 12, '2019-07-30', 1),
(354, '192010059', 26, '2019-08-27', 1),
(360, '181910052', 18, '2019-07-24', 2),
(361, '181910052', 15, '2019-07-17', 2),
(362, '181910023', 11, '2019-10-15', 2),
(363, '181910023', 15, '2019-10-23', 2),
(364, '181910014', 12, '2019-10-11', 2),
(365, '181910014', 12, '2019-07-24', 2),
(366, '181910014', 15, '2019-10-07', 2),
(367, '181910014', 15, '2019-08-19', 2),
(368, '181910014', 12, '2019-10-01', 2),
(370, '181910031', 12, '2019-10-04', 2),
(371, '181910031', 15, '2019-09-17', 2),
(372, '181910031', 15, '2019-10-10', 2),
(373, '181910031', 15, '2019-09-30', 2),
(374, '181910031', 15, '2019-09-10', 2),
(375, '181910031', 15, '2019-07-30', 2),
(376, '181910031', 15, '2019-10-23', 2),
(377, '181910015', 15, '2019-08-05', 2),
(378, '181910015', 15, '2019-08-30', 2),
(379, '181910015', 15, '2019-07-29', 2),
(380, '181910015', 15, '2019-09-30', 2),
(381, '181910015', 15, '2019-09-17', 2),
(382, '181910015', 15, '2019-08-26', 2),
(383, '181910015', 15, '2019-08-08', 2),
(384, '181910015', 15, '2019-09-16', 2),
(385, '181910015', 15, '2019-08-07', 2),
(386, '181910015', 15, '2019-09-01', 2),
(387, '181910027', 15, '2019-09-09', 2),
(388, '181910027', 12, '2019-10-04', 2),
(389, '181910027', 15, '2019-10-05', 2),
(390, '181910027', 15, '2019-10-24', 2),
(391, '181910027', 12, '2019-11-02', 2),
(392, '181910027', 15, '2019-10-10', 2),
(393, '181910027', 12, '2019-10-11', 2),
(394, '181910027', 15, '2019-10-01', 2),
(395, '181910027', 12, '2019-07-23', 2),
(396, '181910037', 20, '2019-08-08', 2),
(397, '181910037', 27, '2019-09-19', 2),
(398, '181910037', 27, '2019-08-27', 2),
(399, '181910037', 24, '2019-09-17', 2),
(400, '181910002', 15, '2019-10-11', 2),
(401, '181910003', 12, '2019-07-29', 2),
(402, '181910006', 27, '2019-10-15', 2),
(403, '181910006', 24, '2019-10-15', 2),
(404, '181910005', 27, '2019-11-19', 2),
(405, '181910023', 27, '2019-11-19', 2),
(406, '181910014', 12, '2019-11-20', 2),
(407, '181910026', 15, '2019-10-24', 2),
(408, '181910014', 12, '2019-11-25', 2),
(409, '181910003', 27, '2019-11-26', 2),
(410, '181910008', 27, '2019-11-26', 2),
(411, '181910008', 7, '2019-11-26', 2),
(412, '181910014', 12, '2019-11-27', 2),
(413, '181910020', 12, '2019-10-03', 2),
(414, '181910020', 12, '2019-09-11', 2),
(415, '181910020', 26, '2019-08-27', 2),
(416, '181910020', 15, '2019-09-30', 2),
(417, '181910020', 15, '2019-08-21', 2),
(418, '181910020', 12, '2019-08-16', 2),
(420, '181910020', 15, '2019-08-07', 2),
(421, '181910020', 15, '2019-08-13', 2),
(422, '181910020', 15, '2019-07-18', 2),
(423, '181910020', 15, '2019-07-29', 2),
(424, '181910020', 12, '2019-09-04', 2),
(425, '181910020', 15, '2019-08-12', 2),
(426, '181910020', 15, '2019-09-10', 2),
(427, '181910020', 15, '2019-07-24', 2),
(428, '181910020', 15, '2019-08-08', 2),
(429, '181910020', 15, '2019-09-05', 2),
(430, '181910020', 15, '2019-08-02', 2),
(431, '181910020', 15, '2019-08-09', 2),
(432, '181910020', 15, '2019-08-05', 2),
(433, '181910020', 12, '2019-10-01', 2),
(434, '181910020', 15, '2019-08-06', 2),
(435, '181910020', 26, '2019-09-04', 2),
(436, '181910020', 27, '2019-08-01', 2),
(437, '171810015', 15, '2019-08-05', 3),
(438, '171810018', 70, '2019-07-17', 3),
(439, '171810026', 15, '2019-08-13', 3),
(440, '171810026', 15, '2019-08-27', 3),
(442, '171810024', 15, '2019-09-17', 3),
(443, '171810003', 27, '2019-09-23', 3),
(444, '171810009', 15, '2019-08-06', 3),
(445, '171810002', 15, '2019-08-19', 3),
(446, '171810002', 15, '2019-08-06', 3),
(447, '171810002', 65, '2019-08-19', 3),
(448, '171810002', 15, '2019-07-26', 3),
(449, '171810028', 15, '2019-08-22', 3),
(450, '171810028', 65, '2019-08-22', 3),
(451, '181910027', 15, '2019-11-07', 2),
(452, '171810012', 12, '2019-09-19', 3),
(453, '181910022', 15, '2019-11-07', 2),
(454, '171810012', 12, '2019-09-04', 3),
(455, '181910027', 15, '2019-11-13', 2),
(456, '171810073', 12, '2019-10-04', 3),
(459, '171810073', 32, '2019-10-15', 3),
(460, '181910014', 15, '2019-11-14', 2),
(462, '181910001', 15, '2019-11-14', 2),
(463, '171810016', 12, '2019-08-06', 3),
(464, '171810016', 20, '2019-08-27', 3),
(465, '181910007', 15, '2019-11-20', 2),
(466, '171810073', 26, '2019-10-22', 3),
(467, '171810073', 27, '2019-10-24', 3),
(468, '171810010', 15, '2019-08-13', 3),
(469, '171810005', 15, '2019-08-13', 3),
(471, '171810037', 27, '2019-11-19', 3),
(472, '171810038', 12, '2019-11-15', 3),
(473, '171810006', 12, '2019-07-26', 3),
(474, '171810042', 32, '2019-10-15', 3),
(475, '171810042', 12, '2019-11-15', 3),
(476, '171810042', 27, '2019-11-19', 3),
(477, '171810046', 24, '2019-11-04', 3),
(478, '171810046', 27, '2019-11-19', 3),
(479, '171810107', 23, '2019-10-22', 3),
(480, '171810047', 32, '2019-10-15', 3),
(481, '171810104', 23, '2019-10-22', 3),
(482, '171810047', 32, '2019-10-21', 3),
(483, '171810081', 23, '2019-10-22', 3),
(484, '171810081', 15, '2019-08-05', 3),
(485, '171810049', 12, '2019-10-11', 3),
(486, '171810049', 12, '2019-10-30', 3),
(487, '171810049', 27, '2019-10-30', 3),
(488, '171810089', 32, '2019-10-21', 3),
(489, '171810089', 23, '2019-10-22', 3),
(490, '171810102', 23, '2019-10-22', 3),
(491, '171810054', 32, '2019-10-15', 3),
(492, '171810092', 23, '2019-10-22', 3),
(493, '171810092', 15, '2019-08-05', 3),
(494, '171810059', 32, '2019-10-15', 3),
(495, '171810092', 32, '2019-10-21', 3),
(496, '171810059', 12, '2019-11-14', 3),
(497, '171810059', 12, '2019-11-15', 3),
(498, '171810098', 15, '2019-09-16', 3),
(499, '171810098', 15, '2019-09-04', 3),
(500, '171810067', 32, '2019-10-15', 3),
(501, '171810098', 26, '2019-09-02', 3),
(502, '171810098', 12, '2019-07-29', 3),
(503, '171810098', 26, '2019-08-27', 3),
(504, '171810061', 27, '2019-11-19', 3),
(505, '171810098', 26, '2019-09-03', 3),
(506, '171810062', 12, '2019-11-15', 3),
(507, '171810062', 27, '2019-11-19', 3),
(508, '171810097', 12, '2019-09-02', 3),
(509, '171810097', 12, '2019-09-19', 3),
(510, '171810066', 12, '2019-11-14', 3),
(511, '171810084', 70, '2019-08-20', 3),
(512, '171810084', 24, '2019-09-04', 3),
(513, '171810044', 32, '2019-10-15', 3),
(514, '171810108', 23, '2019-10-22', 3),
(515, '171810077', 23, '2019-10-22', 3),
(516, '171810077', 32, '2019-08-08', 3),
(517, '171810087', 27, '2019-10-15', 3),
(518, '171810087', 23, '2019-10-22', 3),
(519, '171810069', 32, '2019-10-15', 3),
(520, '171810075', 12, '2019-09-11', 3),
(521, '171810075', 12, '2019-09-03', 3),
(522, '171810069', 27, '2019-11-19', 3),
(523, '171810075', 27, '2019-10-15', 3),
(524, '171810075', 24, '2019-10-24', 3),
(525, '171810075', 12, '2019-07-30', 3),
(526, '270018171', 12, '2019-11-15', 3),
(527, '171810055', 15, '2019-10-01', 3),
(528, '171810055', 15, '2019-10-11', 3),
(529, '171810063', 15, '2019-10-07', 3),
(530, '171810047', 27, '2019-08-01', 3),
(531, '171810049', 12, '2019-08-06', 3),
(532, '171810049', 12, '2019-08-13', 3),
(533, '171810059', 21, '2019-08-21', 3),
(534, '171810044', 32, '2019-08-08', 3),
(535, '171810110', 35, '2019-08-21', 3),
(536, '171810055', 15, '2019-08-05', 3),
(537, '171810046', 35, '2019-08-21', 3),
(538, '171810073', 27, '2019-08-26', 3),
(539, '171810073', 12, '2019-08-27', 3),
(540, '171810064', 21, '2019-08-21', 3),
(541, '171810061', 35, '2019-08-21', 3),
(542, '171810045', 27, '2019-09-23', 3),
(543, '171810045', 35, '2019-08-21', 3),
(544, '270018171', 15, '2019-08-08', 3),
(545, '270018171', 35, '2019-08-21', 3),
(546, '171810067', 21, '2019-08-22', 3),
(547, '171810069', 27, '2019-08-21', 3),
(548, '171810042', 24, '2019-08-26', 3),
(549, '171810052', 12, '2019-08-30', 3),
(550, '171810050', 27, '2019-09-23', 3),
(551, '192010040', 12, '2019-10-30', 1),
(552, '192010040', 27, '2019-10-30', 1),
(553, '192010040', 26, '2019-11-01', 1),
(554, '192010040', 12, '2019-11-06', 1),
(555, '192010040', 27, '2019-11-13', 1),
(556, '192010039', 12, '2019-11-11', 1),
(557, '192010037', 26, '2019-11-18', 1),
(558, '192010010', 15, '2019-11-12', 1),
(559, '192010035', 27, '2019-11-19', 1),
(560, '192010010', 15, '2019-11-13', 1),
(561, '192010030', 27, '2019-11-21', 1),
(562, '192010010', 20, '2019-11-19', 1),
(563, '192010010', 26, '2019-11-25', 1),
(564, '192010015', 15, '2019-11-11', 1),
(565, '192010015', 15, '2019-11-22', 1),
(566, '192010011', 26, '2019-11-25', 1),
(567, '192010011', 26, '2019-10-31', 1),
(568, '192010011', 26, '2019-11-04', 1),
(569, '192010006', 22, '2019-11-19', 1),
(570, '192010006', 26, '2019-11-04', 1),
(571, '192010016', 27, '2019-11-19', 1),
(572, '192010014', 27, '2019-11-19', 1),
(573, '192010017', 27, '2019-11-19', 1),
(574, '192010017', 32, '2019-11-26', 1),
(575, '192010017', 27, '2019-11-12', 1),
(576, '192010019', 26, '2019-10-31', 1),
(577, '192010015', 27, '2019-11-19', 1),
(578, '192010015', 26, '2019-11-25', 1),
(579, '192010015', 26, '2019-11-04', 1),
(580, '192010013', 26, '2019-11-25', 1),
(581, '192010013', 24, '2019-10-29', 1),
(582, '192010009', 27, '2019-11-19', 1),
(583, '192010009', 26, '2019-11-25', 1),
(584, '192010004', 12, '2019-11-21', 1),
(585, '192010008', 26, '2019-10-29', 1),
(586, '192010003', 26, '2019-11-04', 1),
(587, '192010018', 32, '2019-11-26', 1),
(590, '192010051', 15, '2019-10-10', 1),
(592, '181910039', 32, '2019-11-26', 2),
(593, '181910040', 32, '2019-11-26', 2),
(594, '181910042', 32, '2019-11-26', 2),
(596, '192010063', 15, '2019-10-23', 1),
(597, '192010059', 15, '2019-11-05', 1),
(598, '192010060', 15, '2019-11-25', 1),
(599, '192010063', 15, '2019-11-11', 1),
(600, '192010063', 15, '2019-11-05', 1),
(601, '192010063', 15, '2019-11-06', 1),
(602, '192010063', 15, '2019-11-07', 1),
(603, '192010063', 15, '2019-11-08', 1),
(604, '192010063', 15, '2019-11-11', 1),
(605, '192010063', 15, '2019-11-12', 1),
(606, '192010063', 15, '2019-11-13', 1),
(607, '192010063', 15, '2019-11-14', 1),
(608, '192010065', 15, '2019-11-18', 1),
(609, '192010063', 21, '2019-11-19', 1),
(610, '192010049', 27, '2019-11-19', 1),
(613, '192010042', 32, '2019-11-26', 1),
(615, '192010063', 12, '2019-10-03', 1),
(618, '192010059', 32, '2019-10-15', 1),
(619, '192010059', 12, '2019-10-17', 1),
(620, '192010060', 27, '2019-10-17', 1),
(621, '192010063', 12, '2019-10-24', 1),
(622, '192010045', 29, '2019-11-06', 1),
(623, '192010060', 11, '2019-11-06', 1),
(624, '192010048', 11, '2019-11-06', 1),
(625, '192010059', 12, '2019-11-13', 1),
(626, '192010059', 12, '2019-11-14', 1),
(627, '19200066', 15, '2019-11-01', 1),
(628, '19200066', 15, '2019-11-12', 1),
(629, '19200066', 15, '2019-11-22', 1),
(631, '192010007', 15, '2019-11-11', 1),
(632, '192010007', 15, '2019-11-21', 1),
(633, '192010007', 12, '2019-11-27', 1),
(634, '192010007', 12, '2019-11-12', 1),
(636, '171810002', 15, '2019-11-06', 3),
(637, '171810002', 15, '2019-11-12', 3),
(638, '171810002', 15, '2019-11-13', 3),
(639, '171810002', 15, '2019-11-22', 3),
(640, '171810021', 15, '2019-11-13', 3),
(641, '171810019', 15, '2019-11-15', 3),
(643, '171810034', 15, '2019-08-05', 3),
(644, '171810035', 15, '2019-08-28', 3),
(645, '171810035', 15, '2019-08-27', 3),
(646, '171810032', 15, '2019-08-22', 3),
(647, '171810032', 15, '2019-11-19', 3),
(648, '171810109', 15, '2019-08-28', 3),
(649, '171810109', 15, '2019-11-04', 3),
(650, '19200066', 15, '2019-11-25', 1),
(653, '171810069', 32, '2019-11-26', 3),
(654, '171810066', 49, '2019-12-02', 3),
(655, '171810067', 32, '2019-11-26', 3),
(656, '171810045', 15, '2019-11-25', 3),
(657, '171810061', 15, '2019-10-31', 3),
(658, '192010030', 27, '2019-11-26', 1),
(659, '192010030', 12, '2019-12-10', 1),
(660, '192010033', 32, '2019-11-26', 1),
(661, '192010034', 32, '2019-11-26', 1),
(662, '192010037', 26, '2019-11-25', 1),
(663, '181910077', 12, '2019-12-09', 2),
(664, '192010035', 27, '2019-11-27', 1),
(665, '181910072', 12, '2019-12-09', 2),
(666, '181910060', 12, '2019-12-09', 2),
(667, '181910083', 12, '2019-12-09', 2),
(668, '181910052', 12, '2019-12-09', 2),
(669, '181910081', 12, '2019-12-09', 2),
(670, '181910070', 12, '2019-12-09', 2),
(671, '181910077', 12, '2019-12-10', 2),
(672, '181910072', 12, '2019-12-10', 2),
(673, '181910073', 12, '2019-12-10', 2),
(674, '181910052', 12, '2019-12-11', 2),
(675, '181910081', 12, '2019-12-11', 2),
(676, '181910072', 12, '2019-12-11', 2),
(677, '181910055', 12, '2019-12-11', 2),
(678, '181910075', 15, '2019-11-14', 2),
(679, '181910075', 15, '2019-11-20', 2),
(680, '181910075', 15, '2019-11-25', 2),
(681, '181910057', 15, '2019-11-28', 2),
(682, '181910058', 15, '2019-11-20', 2),
(683, '181910066', 15, '2019-11-04', 2),
(684, '181910066', 15, '2019-11-05', 2),
(685, '181910066', 15, '2019-11-14', 2),
(686, '181910077', 15, '2019-11-21', 2),
(687, '181910077', 15, '2019-11-22', 2),
(688, '181910078', 15, '2019-11-18', 2),
(689, '181910078', 15, '2019-11-20', 2),
(690, '181910078', 15, '2019-11-21', 2),
(691, '181910078', 15, '2019-12-09', 2),
(692, '181910078', 15, '2019-12-10', 2),
(693, '171810084', 70, '2019-11-14', 3),
(694, '181910068', 15, '2019-12-09', 2),
(695, '192010063', 21, '2019-11-19', 1),
(697, '192010060', 24, '2019-11-20', 1),
(698, '192010059', 12, '2019-11-21', 1),
(700, '192010007', 12, '2019-11-27', 1),
(701, '192010059', 12, '2019-11-27', 1),
(702, '171810098', 15, '2019-11-04', 3),
(703, '192010051', 23, '2019-12-02', 1),
(704, '171810107', 15, '2019-11-28', 3),
(705, '192010063', 12, '2019-12-10', 1),
(706, '192010000', 12, '2019-12-10', 1),
(707, '192010007', 12, '2019-12-10', 1),
(708, '192010063', 23, '2019-12-10', 1),
(709, '192010059', 12, '2019-12-10', 1),
(710, '192010059', 21, '2019-12-10', 1),
(711, '192010063', 12, '2019-12-11', 1),
(712, '192010059', 12, '2019-12-11', 1),
(713, '192010007', 12, '2019-12-11', 1),
(714, '192010051', 21, '2019-12-11', 1),
(715, '192010063', 21, '2019-12-11', 1),
(716, '192010055', 15, '2019-12-09', 1),
(717, '192010059', 15, '2019-12-02', 1),
(718, '192010059', 15, '2019-12-03', 1),
(719, '192010059', 15, '2019-12-07', 1),
(720, '192010059', 15, '2019-12-09', 1),
(721, '181910041', 12, '2019-12-11', 2),
(722, '181910014', 12, '2019-11-28', 2),
(723, '181910014', 7, '2019-11-28', 2),
(724, '181910020', 12, '2019-12-10', 2),
(725, '181910014', 7, '2019-12-11', 2),
(726, '171810015', 12, '2019-12-11', 3),
(727, '171810021', 12, '2019-12-11', 3),
(728, '171810012', 12, '2019-12-12', 3),
(729, '171810011', 26, '2019-11-25', 3),
(730, '192010004', 12, '2019-12-10', 1),
(731, '192010019', 12, '2019-12-10', 1),
(733, '192010009', 20, '2019-12-11', 1),
(734, '19200066', 12, '2019-12-09', 1),
(735, '19200066', 12, '2019-12-10', 1),
(736, '192010006', 12, '2019-12-12', 1),
(737, '192010006', 12, '2019-12-11', 1),
(738, '192010015', 15, '2019-12-12', 1),
(741, '19200066', 26, '2019-10-21', 1),
(742, '19200066', 12, '2019-12-16', 1),
(744, '19200066', 12, '2019-10-29', 1),
(745, '19200066', 15, '2019-10-15', 1),
(746, '19200066', 15, '2019-10-30', 1),
(747, '192010006', 20, '2020-01-09', 1),
(748, '192010006', 24, '2020-01-09', 1),
(749, '192010034', 18, '2020-01-15', 1),
(750, '192010038', 18, '2020-01-15', 1),
(751, '192010037', 18, '2020-01-15', 1),
(752, '181910002', 24, '2020-01-14', 2),
(753, '192010063', 15, '2020-01-16', 1),
(754, '192010051', 15, '2020-01-16', 1),
(756, '192010059', 15, '2020-01-06', 1),
(757, '192010059', 15, '2020-01-07', 1),
(758, '192010059', 15, '2020-01-08', 1),
(759, '192010059', 15, '2020-01-09', 1),
(760, '192010059', 15, '2020-01-10', 1),
(761, '192010059', 15, '2020-01-13', 1),
(762, '192010059', 15, '2020-01-14', 1),
(763, '192010059', 15, '2020-01-15', 1),
(764, '192010059', 15, '2020-01-16', 1),
(765, '192010059', 15, '2020-01-17', 1),
(766, '192010059', 15, '2020-01-20', 1),
(767, '192010054', 19, '2020-01-24', 1),
(768, '192010055', 19, '2020-01-24', 1),
(769, '192010047', 19, '2020-01-24', 1),
(770, '192010049', 19, '2020-01-24', 1),
(771, '192010045', 19, '2020-01-24', 1),
(772, '192010063', 19, '2020-01-24', 1),
(773, '192010057', 19, '2020-01-24', 1),
(774, '192010052', 19, '2020-01-24', 1),
(775, '192010062', 19, '2020-01-24', 1),
(776, '181910077', 12, '2020-01-06', 2),
(777, '181910077', 12, '2020-01-07', 2),
(778, '181910077', 12, '2020-01-08', 2),
(779, '181910053', 12, '2020-01-06', 2),
(780, '181910072', 12, '2020-01-06', 2),
(781, '181910079', 12, '2020-01-06', 2),
(782, '181910077', 12, '2020-01-10', 2),
(783, '181910068', 12, '2020-01-10', 2),
(784, '181910072', 12, '2020-01-15', 2),
(785, '181910053', 12, '2020-01-16', 2),
(786, '181910077', 12, '2020-01-16', 2),
(787, '181910077', 12, '2020-01-20', 2),
(788, '181910068', 12, '2020-01-17', 2),
(789, '181910053', 12, '2020-01-17', 2),
(790, '181910077', 12, '2020-01-17', 2),
(792, '181910052', 12, '2020-01-20', 2),
(793, '181910052', 12, '2020-01-21', 2),
(794, '181910053', 12, '2020-01-21', 2),
(795, '181910053', 12, '2020-01-23', 2),
(796, '181910052', 12, '2020-01-24', 2),
(797, '181910077', 12, '2020-01-24', 2),
(798, '181910041', 12, '2020-01-06', 2),
(800, '181910041', 12, '2020-01-16', 2),
(801, '192010006', 24, '2020-01-07', 1),
(802, '181910038', 12, '2020-01-17', 2),
(803, '181910038', 12, '2020-01-22', 2),
(804, '181910042', 12, '2020-01-17', 2),
(805, '181910042', 12, '2020-01-22', 2),
(806, '192010005', 22, '2020-01-06', 1),
(807, '192010019', 12, '2020-01-07', 1),
(809, '192010019', 12, '2020-01-10', 1),
(810, '192010019', 12, '2020-01-14', 1),
(813, '192010019', 12, '2020-01-20', 1),
(814, '192010019', 12, '2020-01-23', 1),
(815, '192010019', 12, '2020-01-24', 1),
(816, '192010003', 12, '2020-01-07', 1),
(817, '192010003', 12, '2020-01-22', 1),
(818, '192010003', 12, '2020-01-23', 1),
(819, '192010002', 12, '2020-01-10', 1),
(820, '192010004', 12, '2020-01-15', 1),
(821, '192010017', 12, '2020-01-13', 1),
(822, '192010017', 12, '2020-01-17', 1),
(823, '192010017', 12, '2020-01-23', 1),
(824, '192010016', 12, '2020-01-10', 1),
(825, '192010016', 12, '2020-01-22', 1),
(826, '192010021', 12, '2020-01-10', 1),
(827, '192010018', 12, '2020-01-22', 1),
(828, '192010014', 12, '2020-01-17', 1),
(831, '181910068', 24, '2020-01-28', 2),
(832, '181910077', 12, '2020-01-30', 2),
(833, '181910058', 24, '2020-01-30', 2),
(834, '181910055', 12, '2020-02-03', 2),
(835, '181910084', 12, '2020-02-04', 2),
(836, '181910079', 12, '2020-02-04', 2),
(837, '181910073', 12, '2020-02-04', 2),
(838, '181910069', 12, '2020-02-04', 2),
(839, '181910055', 12, '2020-02-04', 2),
(840, '181910055', 12, '2020-02-05', 2),
(842, '181910055', 27, '2020-02-06', 2),
(843, '181910073', 12, '2020-02-05', 2),
(844, '181910067', 12, '2020-02-06', 2),
(845, '181910077', 12, '2020-02-06', 2),
(846, '181910060', 12, '2020-02-06', 2),
(847, '181910068', 12, '2020-02-06', 2),
(848, '181910077', 12, '2020-02-07', 2),
(849, '181910077', 12, '2020-02-11', 2),
(850, '181910055', 23, '2020-02-07', 2),
(851, '181910083', 12, '2020-02-10', 2),
(852, '181910073', 12, '2020-02-11', 2),
(853, '181910073', 12, '2020-02-17', 2),
(854, '181910073', 12, '2020-02-18', 2),
(855, '181910077', 12, '2020-02-17', 2),
(856, '181910077', 12, '2020-02-18', 2),
(857, '181910055', 12, '2020-02-17', 2),
(858, '181910055', 12, '2020-02-18', 2),
(859, '181910052', 12, '2020-02-17', 2),
(860, '181910060', 12, '2020-02-18', 2),
(861, '181910068', 12, '2020-02-21', 2),
(862, '181910052', 12, '2020-02-24', 2),
(863, '181910052', 15, '2020-01-07', 2),
(864, '181910052', 15, '2020-01-13', 2),
(865, '181910052', 15, '2020-01-27', 2),
(866, '181910052', 15, '2020-01-30', 2),
(868, '181910052', 15, '2020-02-12', 2),
(869, '181910052', 15, '2020-02-21', 2),
(870, '181910053', 15, '2020-01-24', 2),
(871, '181910058', 15, '2020-01-23', 2),
(872, '181910063', 15, '2020-01-27', 2),
(873, '181910077', 15, '2020-01-13', 2),
(874, '181910077', 15, '2020-01-14', 2),
(875, '181910077', 15, '2020-01-27', 2),
(876, '181910081', 15, '2020-02-22', 2),
(877, '181910054', 15, '2020-02-25', 2),
(878, '181910055', 15, '2020-02-21', 2),
(879, '181910060', 15, '2020-02-03', 2),
(880, '181910060', 15, '2020-02-17', 2),
(881, '181910061', 15, '2020-02-03', 2),
(882, '181910061', 15, '2020-02-04', 2),
(883, '181910061', 15, '2020-02-12', 2),
(884, '181910068', 15, '2020-02-04', 2),
(885, '181910068', 15, '2020-02-12', 2),
(886, '181910068', 15, '2020-02-13', 2),
(887, '181910068', 15, '2020-02-14', 2),
(888, '181910068', 15, '2020-02-25', 2),
(889, '181910070', 15, '2020-02-10', 2),
(890, '181910077', 15, '2020-02-10', 2),
(891, '181910077', 15, '2020-02-24', 2),
(892, '181910082', 15, '2020-02-07', 2),
(893, '181910082', 15, '2020-02-10', 2),
(894, '192010023', 12, '2020-02-04', 1),
(895, '192010023', 23, '2020-01-07', 1),
(896, '192010023', 12, '2020-02-21', 1),
(897, '192010032', 12, '2020-02-05', 1),
(898, '192010032', 12, '2020-01-30', 1),
(899, '192010032', 12, '2020-02-21', 1),
(900, '192010028', 32, '2020-02-26', 1),
(901, '192010025', 32, '2020-02-26', 1),
(902, '19201000', 12, '2020-02-04', 1),
(903, '19201000', 12, '2020-03-30', 1),
(905, '192010038', 12, '2020-01-13', 1),
(906, '192010029', 12, '2020-01-13', 1),
(907, '192010026', 12, '2020-01-13', 1),
(908, '192010039', 27, '2020-01-17', 1),
(909, '192010039', 27, '2020-01-16', 1),
(910, '192010030', 12, '2020-02-11', 1),
(911, '192010030', 12, '2020-02-03', 1),
(912, '192010030', 12, '2020-02-04', 1),
(913, '192010030', 12, '2020-01-31', 1),
(914, '192010030', 12, '2020-01-25', 1),
(915, '192010030', 12, '2020-01-17', 1),
(916, '192010030', 12, '2020-02-21', 1),
(917, '192010030', 12, '2020-03-09', 1),
(918, '192010035', 27, '2020-01-17', 1),
(919, '192010035', 27, '2020-01-16', 1),
(920, '192010040', 12, '2020-02-12', 1),
(921, '192010040', 27, '2020-01-29', 1),
(922, '192010040', 12, '2020-01-25', 1),
(923, '192010040', 12, '2020-01-10', 1),
(924, '192010040', 12, '2020-01-13', 1),
(925, '192010040', 27, '2020-02-26', 1),
(926, '19200066', 12, '2020-03-09', 1),
(927, '19200066', 12, '2020-02-21', 1),
(928, '181910027', 12, '2020-01-06', 2),
(929, '181910014', 12, '2020-01-07', 2),
(930, '181910014', 22, '2020-01-07', 2),
(931, '181910009', 12, '2020-01-07', 2),
(932, '181910015', 12, '2020-01-08', 2),
(933, '181910008', 12, '2020-01-10', 2),
(934, '181910023', 12, '2020-01-10', 2),
(935, '181910037', 12, '2020-01-10', 2),
(936, '181910014', 12, '2020-01-13', 2),
(937, '181910014', 12, '2020-01-14', 2),
(938, '181910015', 12, '2020-01-13', 2),
(939, '181910003', 12, '2020-01-15', 2),
(940, '181910037', 12, '2020-01-15', 2),
(941, '181910037', 12, '2020-01-16', 2),
(942, '181910037', 12, '2020-01-21', 2),
(943, '181910037', 12, '2020-01-22', 2),
(944, '181910015', 12, '2020-01-22', 2),
(945, '181910006', 12, '2020-01-22', 2),
(946, '181910014', 12, '2020-01-23', 2),
(947, '181910014', 27, '2020-01-27', 2),
(949, '181910014', 12, '2020-01-31', 2),
(951, '181910006', 12, '2020-02-06', 2),
(953, '181910037', 12, '2020-02-04', 2),
(954, '181910037', 12, '2020-01-28', 2),
(955, '181910020', 12, '2020-02-07', 2),
(956, '181910020', 12, '2020-02-10', 2),
(957, '181910020', 12, '2020-02-11', 2),
(958, '181910020', 12, '2020-02-14', 2),
(959, '181910003', 12, '2020-03-09', 2),
(960, '181910020', 12, '2020-03-12', 2),
(961, '181919', 15, '2020-01-07', 2),
(962, '181919', 15, '2020-01-08', 2),
(963, '181919', 15, '2020-01-09', 2),
(964, '181919', 15, '2020-01-10', 2),
(965, '181910008', 15, '2020-01-07', 2),
(966, '181910008', 15, '2020-01-15', 2),
(967, '181910008', 15, '2020-01-16', 2),
(968, '181910008', 15, '2020-01-17', 2),
(969, '181910008', 15, '2020-01-20', 2),
(970, '181910008', 15, '2020-02-17', 2),
(971, '181910008', 15, '2020-02-18', 2),
(972, '181910008', 15, '2020-02-27', 2),
(973, '181910014', 15, '2020-01-21', 2),
(974, '181910050', 12, '2020-02-04', 2),
(975, '181910050', 12, '2020-02-05', 2),
(976, '181910050', 12, '2020-02-17', 2),
(977, '181910050', 12, '2020-02-21', 2),
(978, '181910087', 12, '2020-01-23', 2),
(979, '181910042', 12, '2020-01-17', 2),
(980, '181910042', 12, '2020-01-22', 2),
(982, '181910041', 12, '2020-01-06', 2),
(983, '181910041', 12, '2020-01-16', 2),
(984, '181910043', 12, '2020-02-04', 2),
(985, '181910048', 12, '2020-02-11', 2),
(986, '192010007', 12, '2020-02-21', 1),
(987, '192010051', 12, '2020-02-24', 1),
(988, '192010060', 12, '2020-03-09', 1),
(989, '192010063', 12, '2020-03-09', 1),
(990, '192010064', 32, '2020-02-26', 1),
(991, '192010051', 32, '2020-02-26', 1),
(992, '192010053', 12, '2020-01-06', 1),
(993, '192010063', 12, '2020-01-06', 1),
(994, '192010007', 12, '2020-01-07', 1),
(995, '192010007', 12, '2020-01-13', 1),
(996, '192010063', 12, '2020-01-13', 1),
(997, '192010007', 12, '2020-01-16', 1),
(998, '192010063', 12, '2020-01-16', 1),
(999, '192010051', 41, '2020-01-16', 1),
(1000, '192010060', 23, '2020-01-17', 1),
(1001, '192010056', 23, '2020-01-17', 1),
(1002, '192010065', 12, '2020-01-22', 1),
(1004, '192010048', 12, '2020-01-22', 1),
(1005, '192010000', 12, '2020-01-22', 1),
(1006, '192010053', 12, '2020-01-23', 1),
(1007, '192010063', 12, '2020-01-23', 1),
(1008, '192010057', 12, '2020-01-23', 1),
(1009, '192010007', 12, '2020-01-24', 1),
(1010, '192010063', 23, '2020-01-29', 1),
(1011, '192010007', 12, '2020-01-30', 1),
(1012, '192010007', 12, '2020-02-03', 1),
(1013, '192010063', 12, '2020-02-04', 1),
(1014, '192010007', 12, '2020-02-04', 1),
(1015, '192010000', 12, '2020-02-06', 1),
(1016, '192010051', 12, '2020-02-10', 1),
(1017, '192010063', 12, '2020-02-11', 1),
(1018, '192010060', 11, '2020-02-11', 1),
(1019, '192010045', 11, '2020-02-11', 1),
(1020, '192010048', 11, '2020-02-11', 1),
(1021, '192010052', 11, '2020-02-12', 1),
(1022, '192010007', 12, '2020-02-13', 1),
(1023, '192010007', 12, '2020-02-17', 1),
(1024, '192010063', 12, '2020-02-20', 1),
(1025, '192010057', 12, '2020-02-20', 1),
(1026, '192010043', 15, '2020-01-20', 1),
(1027, '192010050', 15, '2020-01-13', 1),
(1028, '192010051', 15, '2020-01-06', 1),
(1029, '192010051', 15, '2020-01-20', 1),
(1030, '192010057', 15, '2020-01-13', 1),
(1031, '192010061', 15, '2020-01-22', 1),
(1032, '192010062', 15, '2020-01-17', 1),
(1033, '192010063', 15, '2020-01-14', 1),
(1034, '192010051', 15, '2020-02-13', 1),
(1035, '192010007', 15, '2020-02-25', 1),
(1036, '192010043', 15, '2020-03-12', 1),
(1037, '192010043', 15, '2020-03-13', 1),
(1038, '192010061', 15, '2020-03-12', 1),
(1039, '192010063', 15, '2020-03-11', 1),
(1040, '192010007', 15, '2020-03-09', 1),
(1041, '181910052', 15, '2020-03-12', 2),
(1042, '181910068', 15, '2020-03-13', 2),
(1043, '181910077', 15, '2020-03-09', 2),
(1044, '181910077', 15, '2020-03-10', 2),
(1045, '171810008', 12, '2020-02-21', 3),
(1046, '171810012', 12, '2020-03-09', 3),
(1047, '171810010', 12, '2020-03-09', 3),
(1048, '171810016', 12, '2020-03-09', 3),
(1049, '171810005', 12, '2020-03-09', 3),
(1050, '1718100030', 12, '2020-03-09', 3),
(1051, '171810031', 12, '2020-03-09', 3),
(1052, '171810035', 12, '2020-03-09', 3),
(1053, '171810109', 12, '2020-03-10', 3),
(1054, '171810019', 12, '2020-03-11', 3),
(1055, '171810002', 12, '2020-03-11', 3),
(1056, '171810109', 12, '2020-03-12', 3),
(1057, '171810006', 12, '2020-03-13', 3),
(1058, '171810002', 20, '2020-03-26', 3),
(1059, '171810109', 12, '2020-02-27', 3),
(1060, '171810109', 12, '2020-01-07', 3),
(1061, '171810019', 12, '2020-01-09', 3),
(1062, '171810109', 12, '2020-01-13', 3),
(1063, '171810012', 12, '2020-01-13', 3),
(1064, '171810109', 12, '2020-01-16', 3),
(1065, '171810035', 27, '2020-01-17', 3),
(1066, '181910047', 12, '2020-02-21', 2),
(1067, '181910047', 12, '2020-02-24', 2),
(1068, '171810012', 12, '2020-01-20', 3),
(1069, '171810019', 12, '2020-01-21', 3),
(1070, '171810010', 12, '2020-01-22', 3),
(1071, '171810015', 12, '2020-01-22', 3),
(1072, '171810021', 12, '2020-01-22', 3),
(1073, '171810015', 12, '2020-01-23', 3),
(1074, '171810009', 12, '2020-01-23', 3),
(1075, '171810008', 12, '2020-01-23', 3),
(1076, '171810021', 12, '2020-01-23', 3),
(1077, '171810012', 12, '2020-01-24', 3),
(1078, '171810019', 24, '2020-01-28', 3),
(1079, '171810035', 12, '2020-01-28', 3),
(1080, '171810004', 24, '2020-01-28', 3),
(1081, '19200066', 12, '2020-03-10', 1),
(1082, '171810012', 12, '2020-01-31', 3),
(1083, '19200066', 15, '2020-01-17', 1),
(1084, '171810002', 12, '2020-01-31', 3),
(1085, '19200066', 15, '2020-01-24', 1),
(1086, '171810109', 12, '2020-02-03', 3),
(1087, '19200066', 15, '2020-01-27', 1),
(1088, '171810012', 12, '2020-02-03', 3),
(1089, '19200066', 15, '2020-01-28', 1),
(1090, '19200066', 15, '2020-02-07', 1),
(1091, '171810002', 12, '2020-02-03', 3),
(1092, '171810012', 12, '2020-02-04', 3),
(1093, '19200066', 15, '2020-02-18', 1),
(1094, '171810008', 12, '2020-02-04', 3),
(1095, '19200066', 15, '2020-02-26', 1),
(1096, '171810002', 12, '2020-02-05', 3),
(1097, '171810075', 22, '2020-01-07', 3),
(1098, '19200066', 15, '2020-03-11', 1),
(1099, '171810002', 12, '2020-02-10', 3),
(1100, '171810010', 12, '2020-02-11', 3),
(1101, '171810075', 12, '2020-01-09', 3),
(1102, '171810002', 12, '2020-02-11', 3),
(1103, '171810109', 12, '2020-02-12', 3),
(1104, '171810075', 12, '2020-02-12', 3),
(1105, '171810019', 12, '2020-02-14', 3),
(1106, '171810109', 12, '2020-02-17', 3),
(1107, '171810075', 12, '2020-02-17', 3),
(1108, '192010003', 12, '2020-02-21', 1),
(1109, '171810002', 20, '2020-02-18', 3),
(1110, '192010003', 12, '2020-01-09', 1),
(1111, '171810089', 12, '2020-01-08', 3),
(1112, '171810089', 12, '2020-01-09', 3),
(1113, '171810089', 12, '2020-02-04', 3),
(1114, '171810089', 32, '2020-02-26', 3),
(1115, '171810098', 12, '2020-01-09', 3),
(1116, '171810098', 27, '2020-01-17', 3),
(1117, '171810098', 12, '2020-01-22', 3),
(1118, '171810001', 15, '2020-01-28', 3),
(1119, '171810098', 12, '2020-01-23', 3),
(1120, '171810002', 15, '2020-01-06', 3),
(1121, '171810098', 12, '2020-02-06', 3),
(1122, '171810002', 15, '2020-01-07', 3),
(1123, '171810002', 15, '2020-01-08', 3),
(1124, '171810098', 27, '2020-02-26', 3),
(1125, '171810002', 15, '2020-01-09', 3),
(1126, '171810002', 15, '2020-01-10', 3),
(1127, '171810098', 12, '2020-03-09', 3),
(1128, '171810002', 15, '2020-01-16', 3),
(1129, '171810002', 15, '2020-02-06', 3),
(1130, '171810002', 15, '2020-02-07', 3),
(1131, '171810002', 12, '2020-02-13', 3),
(1132, '171810002', 15, '2020-02-25', 3),
(1133, '171810002', 15, '2020-03-10', 3),
(1134, '171810088', 12, '2020-01-09', 3),
(1135, '192010019', 12, '2020-03-09', 1),
(1136, '171810088', 27, '2020-01-17', 3),
(1137, '171810003', 15, '2020-02-26', 3),
(1138, '171810088', 32, '2020-02-26', 3),
(1140, '171810003', 15, '2020-03-13', 3),
(1141, '171810104', 27, '2020-01-17', 3),
(1142, '171810004', 15, '2020-03-13', 3),
(1144, '171810104', 12, '2020-01-31', 3),
(1145, '171810104', 12, '2020-02-13', 3),
(1146, '171810008', 15, '2020-01-21', 3),
(1147, '171810104', 12, '2020-02-21', 3),
(1149, '171810008', 15, '2020-01-10', 3),
(1151, '171810009', 15, '2020-01-10', 3),
(1152, '171810107', 27, '2020-01-17', 3),
(1153, '171810009', 15, '2020-02-20', 3),
(1154, '171810036', 15, '2020-02-26', 3),
(1155, '171810077', 12, '2020-01-22', 3),
(1156, '192010021', 12, '2020-03-09', 1),
(1157, '171810077', 32, '2020-02-26', 3),
(1158, '171810011', 15, '2020-02-26', 3),
(1159, '171810013', 15, '2020-02-07', 3),
(1160, '171810086', 12, '2020-01-22', 3),
(1161, '192010021', 27, '2020-01-10', 1),
(1162, '171810013', 15, '2020-02-26', 3),
(1163, '171810086', 12, '2020-02-13', 3),
(1164, '171810014', 15, '2020-01-08', 3),
(1165, '171810014', 15, '2020-01-13', 3),
(1166, '171810014', 15, '2020-01-15', 3),
(1167, '171810014', 15, '2020-01-17', 3),
(1168, '171810014', 15, '2020-02-13', 3),
(1169, '171810089', 12, '2020-02-04', 3),
(1170, '171810014', 15, '2020-02-20', 3),
(1171, '171810014', 15, '2020-02-20', 3),
(1172, '192010016', 12, '2020-02-26', 1),
(1173, '171810014', 15, '2020-02-25', 3),
(1174, '171810014', 15, '2020-02-26', 3),
(1175, '171810083', 32, '2020-02-26', 3),
(1176, '192010016', 12, '2020-01-10', 1),
(1177, '171810016', 15, '2020-02-06', 3),
(1178, '171810016', 15, '2020-02-07', 3),
(1179, '171810097', 32, '2020-02-26', 3),
(1180, '171810016', 15, '2020-02-26', 3),
(1181, '171810078', 32, '2020-02-26', 3),
(1182, '171810021', 15, '2020-02-06', 3),
(1183, '171810021', 15, '2020-02-09', 3),
(1184, '171810094', 12, '2020-03-12', 3),
(1185, '171810021', 15, '2020-02-06', 3),
(1186, '171810021', 15, '2020-02-26', 3),
(1187, '171810098', 12, '2020-03-10', 3),
(1188, '171810075', 12, '2020-01-09', 3),
(1189, '171810026', 15, '2020-01-08', 3),
(1190, '171810026', 15, '2020-01-20', 3),
(1191, '171810026', 15, '2020-02-04', 3),
(1192, '171810026', 15, '2020-02-19', 3),
(1193, '171810026', 15, '2020-02-26', 3),
(1194, '171810024', 15, '2020-03-13', 3),
(1195, '171810027', 15, '2020-02-19', 3),
(1196, '171810027', 15, '2020-02-25', 3),
(1197, '171810027', 15, '2020-03-11', 3),
(1198, '171810027', 15, '2020-03-13', 3),
(1199, '171810035', 15, '2020-02-19', 3),
(1200, '171810035', 15, '2020-02-25', 3),
(1201, '171810035', 15, '2020-02-26', 3),
(1202, '171810035', 15, '2020-02-27', 3),
(1203, '171810035', 15, '2020-03-12', 3),
(1204, '192010011', 27, '2020-02-26', 1),
(1205, '171810109', 15, '2020-01-14', 3),
(1206, '171810109', 15, '2020-01-23', 3),
(1207, '171810109', 15, '2020-02-26', 3),
(1208, '171810006', 15, '2020-03-26', 3),
(1209, '181910044', 12, '2020-02-21', 2),
(1210, '171810020', 15, '2020-01-09', 3),
(1211, '171810007', 15, '2020-02-26', 3),
(1212, '171810022', 15, '2020-02-26', 3),
(1213, '171810033', 15, '2020-02-26', 3),
(1214, '192010006', 12, '2020-01-06', 1),
(1217, '192010005', 22, '2020-01-07', 1),
(1219, '192010017', 12, '2020-01-13', 1),
(1220, '192010014', 27, '2020-01-17', 1),
(1221, '192010009', 27, '2020-01-17', 1),
(1222, '192010004', 15, '2020-01-10', 1),
(1223, '192010004', 15, '2020-01-17', 1),
(1224, '192010004', 15, '2020-01-28', 1),
(1225, '192010004', 15, '2020-01-29', 1),
(1226, '192010008', 15, '2020-01-10', 1),
(1228, '192010011', 15, '2020-01-17', 1),
(1229, '192010011', 15, '2020-02-06', 1),
(1230, '192010011', 15, '2020-02-13', 1),
(1231, '192010011', 15, '2020-02-24', 1),
(1232, '192010011', 15, '2020-03-09', 1),
(1233, '192010016', 15, '2020-02-17', 1),
(1234, '192010016', 15, '2020-01-17', 1),
(1235, '181910073', 12, '2020-03-10', 2),
(1236, '181910073', 12, '2020-03-12', 2),
(1237, '181910073', 7, '2020-03-13', 2),
(1238, '181910061', 12, '2020-03-10', 2),
(1239, '181910079', 12, '2020-03-12', 2),
(1240, '181910069', 12, '2020-03-12', 2),
(1241, '181910070', 12, '2020-03-12', 2),
(1242, '181910054', 12, '2020-03-12', 2),
(1243, '181910077', 12, '2020-03-13', 2),
(1244, '181910080', 12, '2020-03-13', 2),
(1245, '192010019', 12, '2020-03-10', 1),
(1246, '19200066', 12, '2020-03-10', 1),
(1247, '192010021', 12, '2020-03-10', 1),
(1248, '19200066', 12, '2020-03-09', 1),
(1249, '192010060', 7, '2020-03-09', 1),
(1250, '192010063', 12, '2020-03-09', 1),
(1251, '192010063', 12, '2020-03-12', 1),
(1252, '192010007', 12, '2020-03-12', 1),
(1253, '181910003', 12, '2020-03-09', 2),
(1254, '181910020', 12, '2020-03-09', 2),
(1255, '181910020', 12, '2020-03-12', 2),
(1256, '192010030', 12, '2020-03-09', 1),
(1257, '192010030', 12, '2020-03-12', 1);

-- --------------------------------------------------------

--
-- Struktur dari tabel `user`
--

CREATE TABLE `user` (
  `id` int(11) NOT NULL,
  `role_id` int(11) NOT NULL,
  `nama` varchar(250) NOT NULL,
  `email` varchar(250) NOT NULL,
  `password` varchar(250) NOT NULL,
  `kelas_id` int(11) DEFAULT NULL,
  `jurusan_id` int(11) DEFAULT NULL,
  `description` varchar(250) NOT NULL,
  `date` int(11) NOT NULL
) ENGINE=InnoDB DEFAULT CHARSET=latin1;

--
-- Dumping data untuk tabel `user`
--

INSERT INTO `user` (`id`, `role_id`, `nama`, `email`, `password`, `kelas_id`, `jurusan_id`, `description`, `date`) VALUES
(2, 1, 'NURMALA SARI', 'nurmala@gmail.com', '$2y$10$G7PaenPB/Vz.p.4xaQEgQu4KQMMv1wAqkdcBW5OjJHNQhTwRZyexC', 0, 0, 'Wakil Kesiswaan', 1586908846),
(18, 1, 'Abi Amarulloh', 'abiamarulloh06@gmail.com', '$2y$10$GFr/zI8UVrjdGGZGYYSwDO9saUdPZ7h2rLsOVU/KRgRjnL.4BU7.6', 0, 0, 'Developer', 1586908873),
(19, 4, 'RICKA ARIZKA', 'rickaarizka@gmail.com', '$2y$10$ptxUs0vwyp2Z4F4xGyrABe9clONfyw0OpsjERee1vigFGRF8Li90C', 1, 2, 'walikelas', 1586908886),
(20, 4, 'SERLYNA FEBRIYANTI', 'serlynafebriyanti@gmail.com', '$2y$10$U/d5cm/5eGuUk7kbtG.F6O3oRfvvpQ0MORoX5HPQfIFjVnbZ4n/om', 1, 1, 'walikelas', 1586908900),
(21, 4, 'NUNI LAWATI', 'nunilawati@gmail.com', '$2y$10$9GMqrAdjeI.KywonmTbeSunLPTLxp2ls36NcqSQdZPFrO9twnYd.S', 1, 3, 'walikelas', 1586908916),
(22, 4, 'MELA SARI FEBRIANTY', 'melasari@gmail.com', '$2y$10$1qaSGnfF0HVzAWpKGcEOzu2TFgDQeI1iZ215k5D0kKwffOdSllSBK', 2, 2, 'walikelas', 1586908934),
(25, 4, 'FITRI PAJAR PANI', 'fitripajar@gmail.com', '$2y$10$lwY360glVRiVmin6Fw11LOI3.rHxvDe7YPCT0HUb034FDliPAyXo2', 3, 2, 'walikelas', 1586908960),
(26, 4, 'INDAH MULYA LESTARI', 'indahmulya@gmail.com', '$2y$10$/siZcTGWMFM4vV7uEx/E/.PHiXbRvbfArX5YboCqYJOZX.ccM6Z26', 3, 3, 'walikelas', 1586908974),
(27, 4, 'WIWIT MARARIZKI', 'wiwit@gmail.com', '$2y$10$BEdvnOJ1IES8viDMLjXpveBF/SKfGqvbP6.69EE2xuzoCA7Oyf0um', 3, 1, 'walikelas', 1586908993),
(28, 4, 'NURMALA SARI', 'nurmalairsyad@gmail.com', '$2y$10$prehUWnlkJLXvEE0ihL8feQMv2MZq3hUi9FjpKh3dyKfmOLp8z8DS', 2, 3, 'walikelas', 1586909012),
(29, 2, 'osis', 'osis@smkalmuin.com', '$2y$10$cDMVgTOEpkD2CayqUR.eAu6MzjUZBiM/y0CNYH1v.JLiUo3VU/lLi', 11, 11, 'Osis', 1586909024),
(31, 4, 'MIFTAHUL ARZAK H.', 'miftahularzak@gmail.com', '$2y$10$J.qT5HATBUk0Zmkhyk9uX.VojAq3IyeZZGjt.LAO67UmAi6fzEGUK', 2, 1, 'Walikelas', 1586909038);

--
-- Indexes for dumped tables
--

--
-- Indeks untuk tabel `about`
--
ALTER TABLE `about`
  ADD PRIMARY KEY (`id`);

--
-- Indeks untuk tabel `date_graduation`
--
ALTER TABLE `date_graduation`
  ADD PRIMARY KEY (`id`);

--
-- Indeks untuk tabel `haid`
--
ALTER TABLE `haid`
  ADD PRIMARY KEY (`id`),
  ADD KEY `nisn_tbl_murid` (`nisn_tbl_murid`);

--
-- Indeks untuk tabel `jurusan`
--
ALTER TABLE `jurusan`
  ADD PRIMARY KEY (`id`);

--
-- Indeks untuk tabel `laporan_pdf`
--
ALTER TABLE `laporan_pdf`
  ADD PRIMARY KEY (`id`);

--
-- Indeks untuk tabel `menu`
--
ALTER TABLE `menu`
  ADD PRIMARY KEY (`id`);

--
-- Indeks untuk tabel `menu_role`
--
ALTER TABLE `menu_role`
  ADD PRIMARY KEY (`id`);

--
-- Indeks untuk tabel `murid_poin_prestasi`
--
ALTER TABLE `murid_poin_prestasi`
  ADD PRIMARY KEY (`id`),
  ADD KEY `nisn_id` (`nisn_id`);

--
-- Indeks untuk tabel `poin`
--
ALTER TABLE `poin`
  ADD PRIMARY KEY (`id`);

--
-- Indeks untuk tabel `poin_prestasi`
--
ALTER TABLE `poin_prestasi`
  ADD PRIMARY KEY (`id`);

--
-- Indeks untuk tabel `role`
--
ALTER TABLE `role`
  ADD PRIMARY KEY (`id`);

--
-- Indeks untuk tabel `sub_poin_prestasi`
--
ALTER TABLE `sub_poin_prestasi`
  ADD PRIMARY KEY (`id`);

--
-- Indeks untuk tabel `tbl_murid`
--
ALTER TABLE `tbl_murid`
  ADD PRIMARY KEY (`nisn_id`);

--
-- Indeks untuk tabel `tbl_murid_poin`
--
ALTER TABLE `tbl_murid_poin`
  ADD PRIMARY KEY (`id`),
  ADD KEY `nisn_id` (`nisn_id`),
  ADD KEY `nisn_id_2` (`nisn_id`),
  ADD KEY `nisn_id_3` (`nisn_id`),
  ADD KEY `nisn_id_4` (`nisn_id`);

--
-- Indeks untuk tabel `user`
--
ALTER TABLE `user`
  ADD PRIMARY KEY (`id`);

--
-- AUTO_INCREMENT untuk tabel yang dibuang
--

--
-- AUTO_INCREMENT untuk tabel `about`
--
ALTER TABLE `about`
  MODIFY `id` int(11) NOT NULL AUTO_INCREMENT, AUTO_INCREMENT=2;

--
-- AUTO_INCREMENT untuk tabel `date_graduation`
--
ALTER TABLE `date_graduation`
  MODIFY `id` int(11) NOT NULL AUTO_INCREMENT;

--
-- AUTO_INCREMENT untuk tabel `haid`
--
ALTER TABLE `haid`
  MODIFY `id` int(11) NOT NULL AUTO_INCREMENT, AUTO_INCREMENT=943;

--
-- AUTO_INCREMENT untuk tabel `jurusan`
--
ALTER TABLE `jurusan`
  MODIFY `id` int(11) NOT NULL AUTO_INCREMENT, AUTO_INCREMENT=6;

--
-- AUTO_INCREMENT untuk tabel `laporan_pdf`
--
ALTER TABLE `laporan_pdf`
  MODIFY `id` int(11) NOT NULL AUTO_INCREMENT, AUTO_INCREMENT=2;

--
-- AUTO_INCREMENT untuk tabel `menu`
--
ALTER TABLE `menu`
  MODIFY `id` int(11) NOT NULL AUTO_INCREMENT, AUTO_INCREMENT=16;

--
-- AUTO_INCREMENT untuk tabel `menu_role`
--
ALTER TABLE `menu_role`
  MODIFY `id` int(11) NOT NULL AUTO_INCREMENT, AUTO_INCREMENT=27;

--
-- AUTO_INCREMENT untuk tabel `murid_poin_prestasi`
--
ALTER TABLE `murid_poin_prestasi`
  MODIFY `id` int(11) NOT NULL AUTO_INCREMENT, AUTO_INCREMENT=2;

--
-- AUTO_INCREMENT untuk tabel `poin`
--
ALTER TABLE `poin`
  MODIFY `id` int(11) NOT NULL AUTO_INCREMENT, AUTO_INCREMENT=77;

--
-- AUTO_INCREMENT untuk tabel `poin_prestasi`
--
ALTER TABLE `poin_prestasi`
  MODIFY `id` int(11) NOT NULL AUTO_INCREMENT, AUTO_INCREMENT=5;

--
-- AUTO_INCREMENT untuk tabel `role`
--
ALTER TABLE `role`
  MODIFY `id` int(11) NOT NULL AUTO_INCREMENT, AUTO_INCREMENT=5;

--
-- AUTO_INCREMENT untuk tabel `sub_poin_prestasi`
--
ALTER TABLE `sub_poin_prestasi`
  MODIFY `id` int(11) NOT NULL AUTO_INCREMENT, AUTO_INCREMENT=13;

--
-- AUTO_INCREMENT untuk tabel `tbl_murid_poin`
--
ALTER TABLE `tbl_murid_poin`
  MODIFY `id` int(11) NOT NULL AUTO_INCREMENT, AUTO_INCREMENT=1260;

--
-- AUTO_INCREMENT untuk tabel `user`
--
ALTER TABLE `user`
  MODIFY `id` int(11) NOT NULL AUTO_INCREMENT, AUTO_INCREMENT=32;

--
-- Ketidakleluasaan untuk tabel pelimpahan (Dumped Tables)
--

--
-- Ketidakleluasaan untuk tabel `haid`
--
ALTER TABLE `haid`
  ADD CONSTRAINT `haid_ibfk_1` FOREIGN KEY (`nisn_tbl_murid`) REFERENCES `tbl_murid` (`nisn_id`) ON DELETE CASCADE ON UPDATE CASCADE;

--
-- Ketidakleluasaan untuk tabel `murid_poin_prestasi`
--
ALTER TABLE `murid_poin_prestasi`
  ADD CONSTRAINT `murid_poin_prestasi_ibfk_1` FOREIGN KEY (`nisn_id`) REFERENCES `tbl_murid` (`nisn_id`) ON DELETE CASCADE ON UPDATE CASCADE;

--
-- Ketidakleluasaan untuk tabel `tbl_murid_poin`
--
ALTER TABLE `tbl_murid_poin`
  ADD CONSTRAINT `tbl_murid_poin_ibfk_1` FOREIGN KEY (`nisn_id`) REFERENCES `tbl_murid` (`nisn_id`) ON DELETE CASCADE ON UPDATE CASCADE;
COMMIT;

/*!40101 SET CHARACTER_SET_CLIENT=@OLD_CHARACTER_SET_CLIENT */;
/*!40101 SET CHARACTER_SET_RESULTS=@OLD_CHARACTER_SET_RESULTS */;
/*!40101 SET COLLATION_CONNECTION=@OLD_COLLATION_CONNECTION */;
